t_s,TimeUS,mode,armed,C1,C2,C3,C4,C5,C6,C7,C8,C9,C10,C11,C12,C13,C14
0.000,526365678,17,1,1500,1500,989,1500,2000,2000,999,1500,999,999,2000,2000,880,880
0.039,526404767,17,1,1500,1500,989,1500,2000,2000,999,1500,999,999,2000,2000,880,880
0.080,526444934,17,1,1500,1500,989,1500,2000,2000,999,1500,999,999,2000,2000,880,880
0.119,526484716,17,1,1500,1500,989,1500,2000,2000,999,1500,999,999,2000,2000,880,880
0.159,526524761,17,1,1500,1500,989,1500,2000,2000,999,1500,999,999,2000,2000,880,880
0.200,526564908,17,1,1500,1500,989,1500,2000,2000,999,1500,999,999,2000,2000,880,880
0.240,526605175,17,1,1500,1500,989,1500,2000,2000,999,1500,999,999,2000,2000,880,880
0.280,526645162,17,1,1500,1500,989,1500,2000,2000,999,1500,999,999,2000,2000,880,880
0.320,526684954,17,1,1500,1500,989,1500,2000,2000,999,1500,999,999,2000,2000,880,880
0.360,526724935,17,1,1500,1500,989,1500,2000,2000,999,1500,999,999,2000,2000,880,880
0.400,526765044,17,1,1500,1500,989,1500,2000,2000,999,1500,999,999,2000,2000,880,880
0.440,526805075,17,1,1500,1500,989,1500,2000,2000,999,1500,999,999,2000,2000,880,880
0.479,526844700,17,1,1500,1500,989,1500,2000,2000,999,1500,999,999,2000,2000,880,880
0.519,526884741,17,1,1500,1500,989,1500,2000,2000,999,1500,999,999,2000,2000,880,880
0.560,526924958,17,1,1500,1500,989,1500,2000,2000,999,1500,999,999,2000,2000,880,880
0.600,526965181,17,1,1500,1500,989,1500,2000,2000,999,1500,999,999,2000,2000,880,880
0.640,527005092,17,1,1500,1500,989,1500,2000,2000,999,1500,999,999,2000,2000,880,880
0.680,527044903,17,1,1500,1500,989,1500,2000,2000,999,1500,999,999,2000,2000,880,880
0.719,527084724,17,1,1500,1500,989,1500,2000,2000,999,1500,999,999,2000,2000,880,880
0.759,527124728,17,1,1500,1500,989,1500,2000,2000,999,1500,999,999,2000,2000,880,880
0.800,527165016,17,1,1500,1500,989,1500,2000,2000,999,1500,999,999,2000,2000,880,880
0.839,527204624,17,1,1500,1500,989,1500,2000,2000,999,1500,999,999,2000,2000,880,880
0.879,527244674,17,1,1500,1500,989,1500,2000,2000,999,1500,999,999,2000,2000,880,880
0.920,527284864,17,1,1500,1500,989,1500,2000,2000,999,1500,999,999,2000,2000,880,880
0.960,527324865,17,1,1500,1500,989,1500,2000,2000,999,1500,999,999,2000,2000,880,880
1.000,527364977,17,1,1500,1500,989,1500,2000,2000,999,1500,999,999,2000,2000,880,880
1.039,527404600,17,1,1500,1500,989,1500,2000,2000,999,1500,999,999,2000,2000,880,880
1.079,527444626,17,1,1500,1500,989,1500,2000,2000,999,1500,999,999,2000,2000,880,880
1.120,527484851,17,1,1500,1500,989,1500,2000,2000,999,1500,999,999,2000,2000,880,880
1.160,527524844,17,1,1500,1500,989,1500,2000,2000,999,1500,999,999,2000,2000,880,880
1.200,527564965,17,1,1500,1500,989,1500,2000,2000,999,1500,999,999,2000,2000,880,880
1.240,527604879,17,1,1500,1500,989,1500,2000,2000,999,1500,999,999,2000,2000,880,880
1.280,527644845,17,1,1500,1500,989,1500,2000,2000,999,1500,999,999,2000,2000,880,880
1.319,527684650,17,1,1500,1500,989,1500,2000,2000,999,1500,999,999,2000,2000,880,880
1.360,527724927,17,1,1500,1500,989,1500,2000,2000,999,1500,999,999,2000,2000,880,880
1.400,527764919,17,1,1500,1500,989,1500,2000,2000,999,1500,999,999,2000,2000,880,880
1.439,527804635,17,1,1500,1500,989,1500,2000,2000,999,1500,999,999,2000,2000,880,880
1.479,527844610,17,1,1500,1500,989,1500,2000,2000,999,1500,999,999,2000,2000,880,880
1.520,527884799,17,1,1500,1500,989,1500,2000,2000,999,1500,999,999,2000,2000,880,880
1.560,527924816,17,1,1500,1500,989,1500,2000,2000,999,1500,999,999,2000,2000,880,880
1.600,527964970,17,1,1500,1500,989,1500,2000,2000,999,1500,999,999,2000,2000,880,880
1.640,528004824,17,1,1500,1500,989,1500,2000,2000,999,1500,999,999,2000,2000,880,880
1.679,528044784,17,1,1500,1500,989,1500,2000,2000,999,1500,999,999,2000,2000,880,880
1.719,528084781,17,1,1500,1500,989,1500,2000,2000,999,1500,999,999,2000,2000,880,880
1.759,528124582,17,1,1500,1500,989,1500,2000,2000,999,1500,999,999,2000,2000,880,880
1.799,528164775,17,1,1500,1500,989,1500,2000,2000,999,1500,999,999,2000,2000,880,880
1.839,528204580,17,1,1500,1500,989,1500,2000,2000,999,1500,999,999,2000,2000,880,880
1.879,528244580,17,1,1500,1500,997,1500,2000,2000,999,1500,999,999,2000,2000,880,880
1.919,528284752,17,1,1500,1500,1005,1500,2000,2000,999,1500,999,999,2000,2000,880,880
1.959,528324784,17,1,1500,1500,1013,1500,2000,2000,999,1500,999,999,2000,2000,880,880
2.000,528364939,17,1,1500,1500,1033,1500,2000,2000,999,1500,999,999,2000,2000,880,880
2.039,528404560,17,1,1500,1500,1046,1500,2000,2000,999,1500,999,999,2000,2000,880,880
2.079,528444727,17,1,1500,1500,1054,1500,2000,2000,999,1500,999,999,2000,2000,880,880
2.119,528484717,17,1,1500,1500,1059,1500,2000,2000,999,1500,999,999,2000,2000,880,880
2.159,528524567,17,1,1500,1500,1067,1500,2000,2000,999,1500,999,999,2000,2000,880,880
2.199,528564678,17,1,1500,1500,1075,1500,2000,2000,999,1500,999,999,2000,2000,880,880
2.239,528604503,17,1,1500,1500,1098,1500,2000,2000,999,1500,999,999,2000,2000,880,880
2.279,528644742,17,1,1500,1500,1135,1500,2000,2000,999,1500,999,999,2000,2000,880,880
2.319,528684771,17,1,1500,1500,1167,1500,2000,2000,999,1500,999,999,2000,2000,880,880
2.360,528724944,17,1,1500,1500,1170,1500,2000,2000,999,1500,999,999,2000,2000,880,880
2.399,528764624,17,1,1500,1500,1170,1500,2000,2000,999,1500,999,999,2000,2000,880,880
2.439,528804535,17,1,1500,1500,1170,1500,2000,2000,999,1500,999,999,2000,2000,880,880
2.479,528844532,17,1,1500,1500,1171,1500,2000,2000,999,1500,999,999,2000,2000,880,880
2.519,528884511,17,1,1500,1500,1171,1500,2000,2000,999,1500,999,999,2000,2000,880,880
2.559,528924707,17,1,1500,1500,1172,1500,2000,2000,999,1500,999,999,2000,2000,880,880
2.600,528965089,17,1,1500,1500,1172,1500,2000,2000,999,1500,999,999,2000,2000,880,880
2.640,529004927,17,1,1500,1500,1172,1500,2000,2000,999,1500,999,999,2000,2000,880,880
2.679,529044735,17,1,1500,1500,1172,1500,2000,2000,999,1500,999,999,2000,2000,880,880
2.719,529084710,17,1,1500,1500,1172,1500,2000,2000,999,1500,999,999,2000,2000,880,880
2.760,529124928,17,1,1500,1500,1180,1500,2000,2000,999,1500,999,999,2000,2000,880,880
2.799,529164645,17,1,1500,1500,1208,1500,2000,2000,999,1500,999,999,2000,2000,880,880
2.839,529204770,17,1,1500,1500,1210,1500,2000,2000,999,1500,999,999,2000,2000,880,880
2.879,529244484,17,1,1500,1500,1225,1500,2000,2000,999,1500,999,999,2000,2000,880,880
2.919,529284476,17,1,1500,1500,1255,1500,2000,2000,999,1500,999,999,2000,2000,880,880
2.959,529324449,17,1,1500,1500,1268,1500,2000,2000,999,1500,999,999,2000,2000,880,880
2.999,529364603,17,1,1500,1500,1270,1500,2000,2000,999,1500,999,999,2000,2000,880,880
3.040,529404829,17,1,1500,1500,1271,1500,2000,2000,999,1500,999,999,2000,2000,880,880
3.080,529444815,17,1,1500,1500,1273,1500,2000,2000,999,1500,999,999,2000,2000,880,880
3.119,529484664,17,1,1500,1500,1273,1500,2000,2000,999,1500,999,999,2000,2000,880,880
3.159,529524638,17,1,1500,1500,1273,1500,2000,2000,999,1500,999,999,2000,2000,880,880
3.200,529564819,17,1,1500,1500,1288,1500,2000,2000,999,1500,999,999,2000,2000,880,880
3.239,529604718,17,1,1500,1500,1293,1500,2000,2000,999,1500,999,999,2000,2000,880,880
3.280,529644866,17,1,1500,1500,1295,1500,2000,2000,999,1500,999,999,2000,2000,880,880
3.320,529684839,17,1,1500,1500,1295,1500,2000,2000,999,1500,999,999,2000,2000,880,880
3.360,529725028,17,1,1500,1500,1295,1500,2000,2000,999,1500,999,999,2000,2000,880,880
3.400,529765011,17,1,1500,1500,1295,1500,2000,2000,999,1500,999,999,2000,2000,880,880
3.439,529804428,17,1,1500,1500,1295,1500,2000,2000,999,1500,999,999,2000,2000,880,880
3.479,529844320,17,1,1500,1500,1293,1500,2000,2000,999,1500,999,999,2000,2000,880,880
3.519,529884399,17,1,1500,1500,1293,1500,2000,2000,999,1500,999,999,2000,2000,880,880
3.559,529924606,17,1,1500,1500,1295,1500,2000,2000,999,1500,999,999,2000,2000,880,880
3.599,529964611,17,1,1500,1500,1295,1500,2000,2000,999,1500,999,999,2000,2000,880,880
3.639,530004412,17,1,1500,1500,1295,1500,2000,2000,999,1500,999,999,2000,2000,880,880
3.679,530044405,17,1,1500,1500,1295,1500,2000,2000,999,1500,999,999,2000,2000,880,880
3.719,530084361,17,1,1500,1500,1298,1500,2000,2000,999,1500,999,999,2000,2000,880,880
3.759,530124434,17,1,1500,1500,1298,1500,2000,2000,999,1500,999,999,2000,2000,880,880
3.799,530164714,17,1,1500,1500,1313,1500,2000,2000,999,1500,999,999,2000,2000,880,880
3.839,530204614,17,1,1500,1500,1326,1500,2000,2000,999,1500,999,999,2000,2000,880,880
3.879,530244578,17,1,1500,1500,1335,1500,2000,2000,999,1500,999,999,2000,2000,880,880
3.919,530284277,17,1,1500,1500,1336,1500,2000,2000,999,1500,999,999,2000,2000,880,880
3.959,530324556,17,1,1500,1500,1336,1500,2000,2000,999,1500,999,999,2000,2000,880,880
3.999,530364664,17,1,1500,1500,1338,1500,2000,2000,999,1500,999,999,2000,2000,880,880
4.039,530404644,17,1,1500,1500,1338,1500,2000,2000,999,1500,999,999,2000,2000,880,880
4.079,530444546,17,1,1500,1500,1355,1500,2000,2000,999,1500,999,999,2000,2000,880,880
4.119,530484538,17,1,1500,1500,1356,1500,2000,2000,999,1500,999,999,2000,2000,880,880
4.159,530524589,17,1,1500,1500,1371,1500,2000,2000,999,1500,999,999,2000,2000,880,880
4.200,530564837,17,1,1500,1500,1378,1500,2000,2000,999,1500,999,999,2000,2000,880,880
4.239,530604576,17,1,1500,1500,1381,1500,2000,2000,999,1500,999,999,2000,2000,880,880
4.279,530644580,17,1,1500,1500,1388,1500,2000,2000,999,1500,999,999,2000,2000,880,880
4.319,530684360,17,1,1500,1500,1390,1500,2000,2000,999,1500,999,999,2000,2000,880,880
4.359,530724296,17,1,1500,1500,1398,1500,2000,2000,999,1500,999,999,2000,2000,880,880
4.399,530764465,17,1,1500,1500,1411,1500,2000,2000,999,1500,999,999,2000,2000,880,880
4.439,530804628,17,1,1500,1500,1424,1500,2000,2000,999,1500,999,999,2000,2000,880,880
4.479,530844318,17,1,1500,1500,1438,1500,2000,2000,999,1500,999,999,2000,2000,880,880
4.519,530884313,17,1,1500,1500,1439,1500,2000,2000,999,1500,999,999,2000,2000,880,880
4.559,530924317,17,1,1500,1500,1446,1500,2000,2000,999,1500,999,999,2000,2000,880,880
4.599,530964486,17,1,1500,1500,1455,1500,2000,2000,999,1500,999,999,2000,2000,880,880
4.639,531004322,17,1,1500,1500,1456,1500,2000,2000,999,1500,999,999,2000,2000,880,880
4.679,531044505,17,1,1500,1500,1456,1500,2000,2000,999,1500,999,999,2000,2000,880,880
4.719,531084321,17,1,1500,1500,1456,1500,2000,2000,999,1500,999,999,2000,2000,880,880
4.759,531124677,17,1,1500,1500,1456,1500,2000,2000,999,1500,999,999,2000,2000,880,880
4.800,531164833,17,1,1500,1500,1456,1500,2000,2000,999,1500,999,999,2000,2000,880,880
4.839,531204457,17,1,1500,1500,1456,1500,2000,2000,999,1500,999,999,2000,2000,880,880
4.879,531244453,17,1,1500,1500,1465,1500,2000,2000,999,1500,999,999,2000,2000,880,880
4.919,531284473,17,1,1500,1500,1466,1500,2000,2000,999,1500,999,999,2000,2000,880,880
4.959,531324221,17,1,1500,1500,1469,1500,2000,2000,999,1500,999,999,2000,2000,880,880
4.999,531364402,17,1,1500,1500,1476,1500,2000,2000,999,1500,999,999,2000,2000,880,880
5.039,531404172,17,1,1500,1500,1496,1500,2000,2000,999,1500,999,999,2000,2000,880,880
5.079,531444441,17,1,1500,1500,1511,1500,2000,2000,999,1500,999,999,2000,2000,880,880
5.119,531484611,17,1,1500,1500,1535,1500,2000,2000,999,1500,999,999,2000,2000,880,880
5.159,531524771,17,1,1500,1500,1535,1500,2000,2000,999,1500,999,999,2000,2000,880,880
5.199,531564655,17,1,1500,1500,1536,1500,2000,2000,999,1500,999,999,2000,2000,880,880
5.239,531604269,17,1,1500,1500,1536,1500,2000,2000,999,1500,999,999,2000,2000,880,880
5.279,531644217,17,1,1500,1500,1537,1500,2000,2000,999,1500,999,999,2000,2000,880,880
5.319,531684239,17,1,1500,1500,1536,1500,2000,2000,999,1500,999,999,2000,2000,880,880
5.359,531724580,17,1,1500,1500,1536,1500,2000,2000,999,1500,999,999,2000,2000,880,880
5.399,531764517,17,1,1500,1500,1537,1500,2000,2000,999,1500,999,999,2000,2000,880,880
5.439,531804174,17,1,1500,1500,1537,1500,2000,2000,999,1500,999,999,2000,2000,880,880
5.479,531844208,17,1,1500,1500,1537,1500,2000,2000,999,1500,999,999,2000,2000,880,880
5.519,531884398,17,1,1500,1500,1559,1500,2000,2000,999,1500,999,999,2000,2000,880,880
5.559,531924385,17,1,1500,1500,1558,1500,2000,2000,999,1500,999,999,2000,2000,880,880
5.599,531964571,17,1,1500,1500,1558,1500,2000,2000,999,1500,999,999,2000,2000,880,880
5.639,532004158,17,1,1500,1500,1558,1500,2000,2000,999,1500,999,999,2000,2000,880,880
5.679,532044165,17,1,1500,1500,1558,1500,2000,2000,999,1500,999,999,2000,2000,880,880
5.719,532084425,17,1,1500,1500,1558,1500,2000,2000,999,1500,999,999,2000,2000,880,880
5.759,532124085,17,1,1500,1500,1558,1500,2000,2000,999,1500,999,999,2000,2000,880,880
5.799,532164322,17,1,1500,1500,1557,1500,2000,2000,999,1500,999,999,2000,2000,880,880
5.839,532204191,17,1,1500,1500,1557,1500,2000,2000,999,1500,999,999,2000,2000,880,880
5.879,532244173,17,1,1500,1500,1557,1500,2000,2000,999,1500,999,999,2000,2000,880,880
5.919,532284163,17,1,1500,1500,1557,1500,2000,2000,999,1500,999,999,2000,2000,880,880
5.959,532324400,17,1,1500,1500,1557,1500,2000,2000,999,1500,999,999,2000,2000,880,880
5.999,532364279,17,1,1500,1500,1557,1500,2000,2000,999,1500,999,999,2000,2000,880,880
6.039,532404529,17,1,1500,1500,1557,1500,2000,2000,999,1500,999,999,2000,2000,880,880
6.079,532444117,17,1,1500,1500,1557,1500,2000,2000,999,1500,999,999,2000,2000,880,880
6.119,532484102,17,1,1500,1500,1557,1500,2000,2000,999,1500,999,999,2000,2000,880,880
6.159,532524061,17,1,1500,1500,1557,1500,2000,2000,999,1500,999,999,2000,2000,880,880
6.199,532564201,17,1,1500,1500,1557,1500,2000,2000,999,1500,999,999,2000,2000,880,880
6.239,532604152,17,1,1500,1500,1557,1500,2000,2000,999,1500,999,999,2000,2000,880,880
6.279,532644152,17,1,1500,1500,1557,1500,2000,2000,999,1500,999,999,2000,2000,880,880
6.319,532684142,17,1,1500,1500,1557,1500,2000,2000,999,1500,999,999,2000,2000,880,880
6.359,532724125,17,1,1500,1500,1557,1500,2000,2000,999,1500,999,999,2000,2000,880,880
6.399,532764237,17,1,1500,1500,1557,1500,2000,2000,999,1500,999,999,2000,2000,880,880
6.439,532804038,17,1,1500,1500,1557,1500,2000,2000,999,1500,999,999,2000,2000,880,880
6.479,532844101,17,1,1500,1500,1557,1500,2000,2000,999,1500,999,999,2000,2000,880,880
6.519,532884076,17,1,1500,1500,1557,1500,2000,2000,999,1500,999,999,2000,2000,880,880
6.559,532924063,17,1,1500,1500,1557,1500,2000,2000,999,1500,999,999,2000,2000,880,880
6.599,532964272,17,1,1500,1500,1557,1500,2000,2000,999,1500,999,999,2000,2000,880,880
6.639,533004142,17,1,1500,1500,1558,1500,2000,2000,999,1500,999,999,2000,2000,880,880
6.679,533044023,17,1,1500,1500,1564,1500,2000,2000,999,1500,999,999,2000,2000,880,880
6.719,533084279,17,1,1500,1500,1564,1500,2000,2000,999,1500,999,999,2000,2000,880,880
6.759,533124289,17,1,1500,1500,1572,1500,2000,2000,999,1500,999,999,2000,2000,880,880
6.799,533164393,17,1,1500,1500,1586,1500,2000,2000,999,1500,999,999,2000,2000,880,880
6.839,533204048,17,1,1500,1500,1593,1500,2000,2000,999,1500,999,999,2000,2000,880,880
6.879,533244251,17,1,1500,1500,1593,1500,2000,2000,999,1500,999,999,2000,2000,880,880
6.919,533284248,17,1,1500,1500,1593,1500,2000,2000,999,1500,999,999,2000,2000,880,880
6.959,533324370,17,1,1500,1500,1593,1500,2000,2000,999,1500,999,999,2000,2000,880,880
6.999,533364138,17,1,1500,1500,1593,1500,2000,2000,999,1500,999,999,2000,2000,880,880
7.039,533404037,17,1,1500,1500,1593,1500,2000,2000,999,1500,999,999,2000,2000,880,880
7.079,533444057,17,1,1500,1500,1592,1500,2000,2000,999,1500,999,999,2000,2000,880,880
7.119,533484232,17,1,1500,1500,1592,1500,2000,2000,999,1500,999,999,2000,2000,880,880
7.159,533524003,17,1,1500,1500,1593,1500,2000,2000,999,1500,999,999,2000,2000,880,880
7.199,533564202,17,1,1500,1500,1593,1500,2000,2000,999,1500,999,999,2000,2000,880,880
7.239,533604326,17,1,1500,1500,1593,1500,2000,2000,999,1500,999,999,2000,2000,880,880
7.279,533644054,17,1,1500,1500,1593,1500,2000,2000,999,1500,999,999,2000,2000,880,880
7.319,533684031,17,1,1500,1500,1595,1500,2000,2000,999,1500,999,999,2000,2000,880,880
7.359,533724022,17,1,1500,1500,1596,1500,2000,2000,999,1500,999,999,2000,2000,880,880
7.399,533764131,17,1,1500,1500,1597,1500,2000,2000,999,1500,999,999,2000,2000,880,880
7.439,533804265,17,1,1500,1500,1598,1500,2000,2000,999,1500,999,999,2000,2000,880,880
7.479,533844257,17,1,1500,1500,1598,1500,2000,2000,999,1500,999,999,2000,2000,880,880
7.519,533884029,17,1,1500,1500,1598,1500,2000,2000,999,1500,999,999,2000,2000,880,880
7.559,533923954,17,1,1500,1500,1598,1500,2000,2000,999,1500,999,999,2000,2000,880,880
7.599,533964212,17,1,1500,1500,1598,1500,2000,2000,999,1500,999,999,2000,2000,880,880
7.639,534004295,17,1,1500,1500,1598,1500,2000,2000,999,1500,999,999,2000,2000,880,880
7.679,534044247,17,1,1500,1500,1598,1500,2000,2000,999,1500,999,999,2000,2000,880,880
7.719,534084251,17,1,1500,1500,1598,1500,2000,2000,999,1500,999,999,2000,2000,880,880
7.759,534124389,17,1,1500,1500,1598,1500,2000,2000,999,1500,999,999,2000,2000,880,880
7.799,534164161,17,1,1500,1500,1598,1500,2000,2000,999,1500,999,999,2000,2000,880,880
7.840,534205145,17,1,1500,1500,1598,1500,2000,2000,999,1500,999,999,2000,2000,880,880
7.879,534244184,17,1,1500,1500,1598,1500,2000,2000,999,1500,999,999,2000,2000,880,880
7.919,534284183,17,1,1500,1500,1598,1500,2000,2000,999,1500,999,999,2000,2000,880,880
7.959,534324685,17,1,1500,1500,1598,1500,2000,2000,999,1500,999,999,2000,2000,880,880
7.999,534364291,17,1,1500,1500,1598,1500,2000,2000,999,1500,999,999,2000,2000,880,880
8.040,534405369,17,1,1500,1500,1597,1500,2000,2000,999,1500,999,999,2000,2000,880,880
8.079,534444220,17,1,1500,1500,1598,1500,2000,2000,999,1500,999,999,2000,2000,880,880
8.119,534484206,17,1,1500,1500,1598,1500,2000,2000,999,1500,999,999,2000,2000,880,880
8.160,534525043,17,1,1500,1500,1598,1500,2000,2000,999,1500,999,999,2000,2000,880,880
8.199,534564089,17,1,1500,1500,1598,1500,2000,2000,999,1500,999,999,2000,2000,880,880
8.239,534603934,17,1,1500,1500,1598,1500,2000,2000,999,1500,999,999,2000,2000,880,880
8.279,534643984,17,1,1500,1500,1598,1500,2000,2000,999,1500,999,999,2000,2000,880,880
8.319,534683982,17,1,1500,1500,1598,1500,2000,2000,999,1500,999,999,2000,2000,880,880
8.359,534723965,17,1,1500,1500,1598,1500,2000,2000,999,1500,999,999,2000,2000,880,880
8.399,534764079,17,1,1500,1500,1598,1500,2000,2000,999,1500,999,999,2000,2000,880,880
8.439,534803869,17,1,1500,1500,1598,1500,2000,2000,999,1500,999,999,2000,2000,880,880
8.479,534843970,17,1,1500,1500,1598,1500,2000,2000,999,1500,999,999,2000,2000,880,880
8.519,534883808,17,1,1500,1500,1598,1500,2000,2000,999,1500,999,999,2000,2000,880,880
8.559,534924542,17,1,1500,1500,1598,1500,2000,2000,999,1500,999,999,2000,2000,880,880
8.599,534964625,17,1,1500,1500,1598,1500,2000,2000,999,1500,999,999,2000,2000,880,880
8.639,535004235,17,1,1500,1500,1598,1500,2000,2000,999,1500,999,999,2000,2000,880,880
8.679,535044209,17,1,1500,1500,1598,1500,2000,2000,999,1500,999,999,2000,2000,880,880
8.719,535083930,17,1,1500,1500,1598,1500,2000,2000,999,1500,999,999,2000,2000,880,880
8.759,535123914,17,1,1500,1500,1598,1500,2000,2000,999,1500,999,999,2000,2000,880,880
8.799,535164039,17,1,1500,1500,1598,1500,2000,2000,999,1500,999,999,2000,2000,880,880
8.840,535205032,17,1,1500,1500,1598,1500,2000,2000,999,1500,999,999,2000,2000,880,880
8.879,535243870,17,1,1500,1500,1598,1500,2000,2000,999,1500,999,999,2000,2000,880,880
8.919,535283812,17,1,1500,1500,1598,1500,2000,2000,999,1500,999,999,2000,2000,880,880
8.959,535323825,17,1,1500,1500,1598,1500,2000,2000,999,1500,999,999,2000,2000,880,880
8.999,535364009,17,1,1500,1500,1598,1500,2000,2000,999,1500,999,999,2000,2000,880,880
9.039,535403888,17,1,1500,1500,1598,1500,2000,2000,999,1500,999,999,2000,2000,880,880
9.079,535444077,17,1,1500,1500,1598,1500,2000,2000,999,1500,999,999,2000,2000,880,880
9.119,535483818,17,1,1500,1500,1598,1500,2000,2000,999,1500,999,999,2000,2000,880,880
9.159,535523790,17,1,1500,1500,1598,1500,2000,2000,999,1500,999,999,2000,2000,880,880
9.199,535564231,17,1,1500,1500,1599,1500,2000,2000,999,1500,999,999,2000,2000,880,880
9.239,535604146,17,1,1500,1500,1598,1500,2000,2000,999,1500,999,999,2000,2000,880,880
9.279,535643892,17,1,1500,1500,1598,1500,2000,2000,999,1500,999,999,2000,2000,880,880
9.319,535683864,17,1,1500,1500,1599,1500,2000,2000,999,1500,999,999,2000,2000,880,880
9.359,535723859,17,1,1500,1500,1599,1500,2000,2000,999,1500,999,999,2000,2000,880,880
9.399,535763960,17,1,1500,1500,1598,1500,2000,2000,999,1500,999,999,2000,2000,880,880
9.439,535804119,17,1,1500,1500,1599,1500,2000,2000,999,1500,999,999,2000,2000,880,880
9.479,535844245,17,1,1500,1500,1600,1500,2000,2000,999,1500,999,999,2000,2000,880,880
9.518,535883765,17,1,1500,1500,1600,1500,2000,2000,999,1500,999,999,2000,2000,880,880
9.559,535923804,17,1,1500,1500,1600,1500,2000,2000,999,1500,999,999,2000,2000,880,880
9.599,535964051,17,1,1500,1500,1600,1500,2000,2000,999,1500,999,999,2000,2000,880,880
9.640,536004983,17,1,1500,1500,1601,1500,2000,2000,999,1500,999,999,2000,2000,880,880
9.679,536044080,17,1,1500,1500,1601,1500,2000,2000,999,1500,999,999,2000,2000,880,880
9.719,536083815,17,1,1500,1500,1601,1500,2000,2000,999,1500,999,999,2000,2000,880,880
9.759,536123797,17,1,1500,1500,1601,1500,2000,2000,999,1500,999,999,2000,2000,880,880
9.799,536163908,17,1,1500,1500,1602,1500,2000,2000,999,1500,999,999,2000,2000,880,880
9.838,536203766,17,1,1500,1500,1602,1500,2000,2000,999,1500,999,999,2000,2000,880,880
9.879,536243841,17,1,1500,1500,1610,1500,2000,2000,999,1500,999,999,2000,2000,880,880
9.918,536283783,17,1,1500,1500,1618,1500,2000,2000,999,1500,999,999,2000,2000,880,880
9.958,536323752,17,1,1500,1500,1625,1500,2000,2000,999,1500,999,999,2000,2000,880,880
9.999,536363882,17,1,1500,1500,1640,1500,2000,2000,999,1500,999,999,2000,2000,880,880
10.039,536403795,17,1,1500,1500,1642,1500,2000,2000,999,1500,999,999,2000,2000,880,880
10.079,536443976,17,1,1500,1500,1643,1500,2000,2000,999,1500,999,999,2000,2000,880,880
10.119,536483939,17,1,1500,1500,1651,1500,2000,2000,999,1500,999,999,2000,2000,880,880
10.158,536523757,17,1,1500,1500,1658,1500,2000,2000,999,1500,999,999,2000,2000,880,880
10.199,536563885,17,1,1500,1500,1658,1500,2000,2000,999,1500,999,999,2000,2000,880,880
10.239,536603790,17,1,1500,1500,1657,1500,2000,2000,999,1500,999,999,2000,2000,880,880
10.278,536643653,17,1,1500,1500,1657,1500,2000,2000,999,1500,999,999,2000,2000,880,880
10.318,536683729,17,1,1500,1500,1657,1500,2000,2000,999,1500,999,999,2000,2000,880,880
10.358,536723741,17,1,1500,1500,1657,1500,2000,2000,999,1500,999,999,2000,2000,880,880
10.399,536763865,17,1,1500,1500,1657,1500,2000,2000,999,1500,999,999,2000,2000,880,880
10.438,536803756,17,1,1500,1500,1657,1500,2000,2000,999,1500,999,999,2000,2000,880,880
10.479,536843942,17,1,1500,1500,1657,1500,2000,2000,999,1500,999,999,2000,2000,880,880
10.518,536883760,17,1,1500,1500,1657,1500,2000,2000,999,1500,999,999,2000,2000,880,880
10.558,536923725,17,1,1500,1500,1657,1500,2000,2000,999,1500,999,999,2000,2000,880,880
10.599,536964160,17,1,1500,1500,1657,1500,2000,2000,999,1500,999,999,2000,2000,880,880
10.639,537003915,17,1,1500,1500,1657,1500,2000,2000,999,1500,999,999,2000,2000,880,880
10.679,537044045,17,1,1500,1500,1657,1500,2000,2000,999,1500,999,999,2000,2000,880,880
10.718,537083718,17,1,1500,1500,1657,1500,2000,2000,999,1500,999,999,2000,2000,880,880
10.759,537124403,17,1,1500,1500,1656,1500,2000,2000,999,1500,999,999,2000,2000,880,880
10.799,537164023,17,1,1500,1500,1656,1500,2000,2000,999,1500,999,999,2000,2000,880,880
10.838,537203589,17,1,1500,1500,1657,1500,2000,2000,999,1500,999,999,2000,2000,880,880
10.879,537243908,17,1,1500,1500,1657,1500,2000,2000,999,1500,999,999,2000,2000,880,880
10.918,537283694,17,1,1500,1500,1657,1500,2000,2000,999,1500,999,999,2000,2000,880,880
10.960,537324816,17,1,1500,1500,1657,1500,2000,2000,999,1500,999,999,2000,2000,880,880
10.999,537363802,17,1,1500,1500,1656,1500,2000,2000,999,1500,999,999,2000,2000,880,880
11.038,537403586,17,1,1500,1500,1657,1500,2000,2000,999,1500,999,999,2000,2000,880,880
11.078,537443558,17,1,1500,1500,1657,1500,2000,2000,999,1500,999,999,2000,2000,880,880
11.118,537483585,17,1,1500,1500,1657,1500,2000,2000,999,1500,999,999,2000,2000,880,880
11.159,537524337,17,1,1500,1500,1658,1500,2000,2000,999,1500,999,999,2000,2000,880,880
11.199,537563806,17,1,1500,1500,1658,1500,2000,2000,999,1500,999,999,2000,2000,880,880
11.238,537603680,17,1,1500,1500,1659,1500,2000,2000,999,1500,999,999,2000,2000,880,880
11.278,537643645,17,1,1500,1500,1660,1500,2000,2000,999,1500,999,999,2000,2000,880,880
11.319,537683942,17,1,1500,1500,1662,1500,2000,2000,999,1500,999,999,2000,2000,880,880
11.359,537724293,17,1,1500,1500,1679,1500,2000,2000,999,1500,999,999,2000,2000,880,880
11.399,537764173,17,1,1500,1500,1693,1500,2000,2000,999,1500,999,999,2000,2000,880,880
11.439,537803862,17,1,1500,1500,1695,1500,2000,2000,999,1500,999,999,2000,2000,880,880
11.478,537843611,17,1,1500,1500,1696,1500,2000,2000,999,1500,999,999,2000,2000,880,880
11.518,537883616,17,1,1500,1500,1703,1500,2000,2000,999,1500,999,999,2000,2000,880,880
11.558,537923618,17,1,1500,1500,1703,1500,2000,2000,999,1500,999,999,2000,2000,880,880
11.599,537963792,17,1,1500,1500,1703,1500,2000,2000,999,1500,999,999,2000,2000,880,880
11.638,538003623,17,1,1500,1500,1703,1500,2000,2000,999,1500,999,999,2000,2000,880,880
11.678,538043628,17,1,1500,1500,1704,1500,2000,2000,999,1500,999,999,2000,2000,880,880
11.719,538083889,17,1,1500,1500,1703,1500,2000,2000,999,1500,999,999,2000,2000,880,880
11.759,538124754,17,1,1500,1500,1703,1500,2000,2000,999,1500,999,999,2000,2000,880,880
11.799,538163927,17,1,1500,1500,1703,1500,2000,2000,999,1500,999,999,2000,2000,880,880
11.839,538203870,17,1,1500,1500,1702,1500,2000,2000,999,1500,999,999,2000,2000,880,880
11.879,538244021,17,1,1500,1500,1703,1500,2000,2000,999,1500,999,999,2000,2000,880,880
11.918,538283573,17,1,1500,1500,1702,1500,2000,2000,999,1500,999,999,2000,2000,880,880
11.958,538323563,17,1,1500,1500,1703,1500,2000,2000,999,1500,999,999,2000,2000,880,880
11.998,538363700,17,1,1500,1500,1703,1500,2000,2000,999,1500,999,999,2000,2000,880,880
12.038,538403606,17,1,1500,1500,1703,1500,2000,2000,999,1500,999,999,2000,2000,880,880
12.078,538443598,17,1,1500,1500,1703,1500,2000,2000,999,1500,999,999,2000,2000,880,880
12.119,538484073,17,1,1500,1500,1703,1500,2000,2000,999,1500,999,999,2000,2000,880,880
12.158,538523555,17,1,1500,1500,1703,1500,2000,2000,999,1500,999,999,2000,2000,880,880
12.198,538563695,17,1,1500,1500,1702,1500,2000,2000,999,1500,999,999,2000,2000,880,880
12.239,538604711,17,1,1500,1500,1702,1500,2000,2000,999,1500,999,999,2000,2000,880,880
12.278,538643780,17,1,1500,1500,1702,1500,2000,2000,999,1500,999,999,2000,2000,880,880
12.319,538683799,17,1,1500,1500,1702,1500,2000,2000,999,1500,999,999,2000,2000,880,880
12.358,538723513,17,1,1500,1500,1702,1500,2000,2000,999,1500,999,999,2000,2000,880,880
12.399,538763834,17,1,1500,1500,1703,1500,2000,2000,999,1500,999,999,2000,2000,880,880
12.438,538803745,17,1,1500,1500,1703,1500,2000,2000,999,1500,999,999,2000,2000,880,880
12.479,538843791,17,1,1500,1500,1702,1500,2000,2000,999,1500,999,999,2000,2000,880,880
12.518,538883570,17,1,1500,1500,1702,1500,2000,2000,999,1500,999,999,2000,2000,880,880
12.558,538923507,17,1,1500,1500,1702,1500,2000,2000,999,1500,999,999,2000,2000,880,880
12.598,538963697,17,1,1500,1500,1702,1500,2000,2000,999,1500,999,999,2000,2000,880,880
12.638,539003487,17,1,1500,1500,1702,1500,2000,2000,999,1500,999,999,2000,2000,880,880
12.678,539043502,17,1,1500,1500,1702,1500,2000,2000,999,1500,999,999,2000,2000,880,880
12.718,539083524,17,1,1500,1500,1702,1500,2000,2000,999,1500,999,999,2000,2000,880,880
12.758,539123496,17,1,1500,1500,1702,1500,2000,2000,999,1500,999,999,2000,2000,880,880
12.799,539163831,17,1,1500,1500,1702,1500,2000,2000,999,1500,999,999,2000,2000,880,880
12.839,539203792,17,1,1500,1500,1702,1500,2000,2000,999,1500,999,999,2000,2000,880,880
12.879,539243969,17,1,1500,1500,1702,1500,2000,2000,999,1500,999,999,2000,2000,880,880
12.918,539283700,17,1,1500,1500,1702,1500,2000,2000,999,1500,999,999,2000,2000,880,880
12.958,539323424,17,1,1500,1500,1702,1500,2000,2000,999,1500,999,999,2000,2000,880,880
12.998,539363592,17,1,1500,1500,1702,1500,2000,2000,999,1500,999,999,2000,2000,880,880
13.039,539404591,17,1,1500,1500,1702,1500,2000,2000,999,1500,999,999,2000,2000,880,880
13.078,539443727,17,1,1500,1500,1702,1500,2000,2000,999,1500,999,999,2000,2000,880,880
13.118,539483722,17,1,1500,1500,1702,1500,2000,2000,999,1500,999,999,2000,2000,880,880
13.158,539523427,17,1,1500,1500,1702,1500,2000,2000,999,1500,999,999,2000,2000,880,880
13.198,539563609,17,1,1500,1500,1702,1500,2000,2000,999,1500,999,999,2000,2000,880,880
13.238,539603497,17,1,1500,1500,1702,1500,2000,2000,999,1500,999,999,2000,2000,880,880
13.278,539643514,17,1,1500,1500,1703,1500,2000,2000,999,1500,999,999,2000,2000,880,880
13.318,539683702,17,1,1500,1500,1703,1500,2000,2000,999,1500,999,999,2000,2000,880,880
13.358,539723424,17,1,1500,1500,1702,1500,2000,2000,999,1500,999,999,2000,2000,880,880
13.398,539763558,17,1,1500,1500,1702,1500,2000,2000,999,1500,999,999,2000,2000,880,880
13.438,539803647,17,1,1500,1500,1702,1500,2000,2000,999,1500,999,999,2000,2000,880,880
13.478,539843397,17,1,1500,1500,1702,1500,2000,2000,999,1500,999,999,2000,2000,880,880
13.518,539883401,17,1,1500,1500,1702,1500,2000,2000,999,1500,999,999,2000,2000,880,880
13.558,539923333,17,1,1500,1500,1702,1500,2000,2000,999,1500,999,999,2000,2000,880,880
13.598,539963774,17,1,1500,1500,1702,1500,2000,2000,999,1500,999,999,2000,2000,880,880
13.638,540003668,17,1,1500,1500,1702,1500,2000,2000,999,1500,999,999,2000,2000,880,880
13.678,540043371,17,1,1500,1500,1702,1500,2000,2000,999,1500,999,999,2000,2000,880,880
13.718,540083378,17,1,1500,1500,1702,1500,2000,2000,999,1500,999,999,2000,2000,880,880
13.758,540123404,17,1,1500,1500,1702,1500,2000,2000,999,1500,999,999,2000,2000,880,880
13.799,540163957,17,1,1500,1500,1702,1500,2000,2000,999,1500,999,999,2000,2000,880,880
13.838,540203655,17,1,1500,1500,1702,1500,2000,2000,999,1500,999,999,2000,2000,880,880
13.878,540243409,17,1,1500,1500,1702,1500,2000,2000,999,1500,999,999,2000,2000,880,880
13.918,540283430,17,1,1500,1500,1702,1500,2000,2000,999,1500,999,999,2000,2000,880,880
13.958,540323380,17,1,1500,1500,1702,1500,2000,2000,999,1500,999,999,2000,2000,880,880
13.998,540363722,17,1,1500,1500,1702,1500,2000,2000,999,1500,999,999,2000,2000,880,880
14.039,540404754,17,1,1500,1500,1702,1500,2000,2000,999,1500,999,999,2000,2000,880,880
14.078,540443600,17,1,1500,1500,1702,1500,2000,2000,999,1500,999,999,2000,2000,880,880
14.118,540483312,17,1,1500,1500,1702,1500,2000,2000,999,1500,999,999,2000,2000,880,880
14.158,540523315,17,1,1500,1500,1702,1500,2000,2000,999,1500,999,999,2000,2000,880,880
14.198,540563485,17,1,1500,1500,1702,1500,2000,2000,999,1500,999,999,2000,2000,880,880
14.239,540604487,17,1,1500,1500,1702,1500,2000,2000,999,1500,999,999,2000,2000,880,880
14.278,540643338,17,1,1500,1500,1702,1500,2000,2000,999,1500,999,999,2000,2000,880,880
14.318,540683586,17,1,1500,1500,1702,1500,2000,2000,999,1500,999,999,2000,2000,880,880
14.358,540723608,17,1,1500,1500,1702,1500,2000,2000,999,1500,999,999,2000,2000,880,880
14.398,540763475,17,1,1500,1500,1702,1500,2000,2000,999,1500,999,999,2000,2000,880,880
14.438,540803349,17,1,1500,1500,1702,1500,2000,2000,999,1500,999,999,2000,2000,880,880
14.478,540843541,17,1,1500,1500,1703,1500,2000,2000,999,1500,999,999,2000,2000,880,880
14.518,540883552,17,1,1500,1500,1702,1500,2000,2000,999,1500,999,999,2000,2000,880,880
14.559,540924416,17,1,1500,1500,1702,1500,2000,2000,999,1500,999,999,2000,2000,880,880
14.598,540963704,17,1,1500,1500,1702,1500,2000,2000,999,1500,999,999,2000,2000,880,880
14.638,541003564,17,1,1500,1500,1702,1500,2000,2000,999,1500,999,999,2000,2000,880,880
14.678,541043284,17,1,1500,1500,1702,1500,2000,2000,999,1500,999,999,2000,2000,880,880
14.718,541083261,17,1,1500,1500,1702,1500,2000,2000,999,1500,999,999,2000,2000,880,880
14.759,541123924,17,1,1500,1500,1702,1500,2000,2000,999,1500,999,999,2000,2000,880,880
14.798,541163604,17,1,1500,1500,1702,1500,2000,2000,999,1500,999,999,2000,2000,880,880
14.838,541203535,17,1,1500,1500,1702,1500,2000,2000,999,1500,999,999,2000,2000,880,880
14.878,541243301,17,1,1500,1500,1702,1500,2000,2000,999,1500,999,999,2000,2000,880,880
14.918,541283306,17,1,1500,1500,1702,1500,2000,2000,999,1500,999,999,2000,2000,880,880
14.958,541323289,17,1,1500,1500,1702,1500,2000,2000,999,1500,999,999,2000,2000,880,880
14.998,541363380,17,1,1500,1500,1702,1500,2000,2000,999,1500,999,999,2000,2000,880,880
15.038,541403271,17,1,1500,1500,1702,1500,2000,2000,999,1500,999,999,2000,2000,880,880
15.078,541443285,17,1,1500,1500,1702,1500,2000,2000,999,1500,999,999,2000,2000,880,880
15.118,541483496,17,1,1500,1500,1703,1500,2000,2000,999,1500,999,999,2000,2000,880,880
15.158,541523236,17,1,1500,1500,1702,1500,2000,2000,999,1500,999,999,2000,2000,880,880
15.198,541563402,17,1,1500,1500,1702,1500,2000,2000,999,1500,999,999,2000,2000,880,880
15.238,541603179,17,1,1500,1500,1702,1500,2000,2000,999,1500,999,999,2000,2000,880,880
15.278,541643480,17,1,1500,1500,1702,1500,2000,2000,999,1500,999,999,2000,2000,880,880
15.318,541683275,17,1,1500,1500,1702,1500,2000,2000,999,1500,999,999,2000,2000,880,880
15.358,541723305,17,1,1500,1500,1702,1500,2000,2000,999,1500,999,999,2000,2000,880,880
15.398,541763352,17,1,1500,1500,1702,1500,2000,2000,999,1500,999,999,2000,2000,880,880
15.438,541803425,17,1,1500,1500,1703,1500,2000,2000,999,1500,999,999,2000,2000,880,880
15.478,541843247,17,1,1500,1500,1703,1500,2000,2000,999,1500,999,999,2000,2000,880,880
15.518,541883207,17,1,1500,1500,1702,1500,2000,2000,999,1500,999,999,2000,2000,880,880
15.558,541923212,17,1,1500,1500,1703,1500,2000,2000,999,1500,999,999,2000,2000,880,880
15.598,541963402,17,1,1500,1500,1702,1500,2000,2000,999,1500,999,999,2000,2000,880,880
15.638,542003418,17,1,1500,1500,1702,1500,2000,2000,999,1500,999,999,2000,2000,880,880
15.678,542043250,17,1,1500,1500,1702,1500,2000,2000,999,1500,999,999,2000,2000,880,880
15.718,542083232,17,1,1500,1500,1703,1500,2000,2000,999,1500,999,999,2000,2000,880,880
15.759,542124386,17,1,1500,1500,1703,1500,2000,2000,999,1500,999,999,2000,2000,880,880
15.798,542163513,17,1,1500,1500,1702,1500,2000,2000,999,1500,999,999,2000,2000,880,880
15.838,542203111,17,1,1500,1500,1703,1500,2000,2000,999,1500,999,999,2000,2000,880,880
15.878,542243106,17,1,1500,1500,1703,1500,2000,2000,999,1500,999,999,2000,2000,880,880
15.918,542283121,17,1,1500,1500,1702,1500,2000,2000,999,1500,999,999,2000,2000,880,880
15.958,542323154,17,1,1500,1500,1702,1500,2000,2000,999,1500,999,999,2000,2000,880,880
15.998,542363551,17,1,1500,1500,1702,1500,2000,2000,999,1500,999,999,2000,2000,880,880
16.038,542403478,17,1,1500,1500,1702,1500,2000,2000,999,1500,999,999,2000,2000,880,880
16.078,542443186,17,1,1500,1500,1703,1500,2000,2000,999,1500,999,999,2000,2000,880,880
16.118,542483181,17,1,1500,1500,1703,1500,2000,2000,999,1500,999,999,2000,2000,880,880
16.158,542523575,17,1,1500,1500,1702,1500,2000,2000,999,1500,999,999,2000,2000,880,880
16.198,542563736,17,1,1500,1500,1702,1500,2000,2000,999,1500,999,999,2000,2000,880,880
16.238,542603655,17,1,1500,1500,1702,1500,2000,2000,999,1500,999,999,2000,2000,880,880
16.278,542643562,17,1,1500,1500,1702,1500,2000,2000,999,1500,999,999,2000,2000,880,880
16.318,542683435,17,1,1500,1500,1703,1500,2000,2000,999,1500,999,999,2000,2000,880,880
16.358,542723366,17,1,1500,1500,1703,1500,2000,2000,999,1500,999,999,2000,2000,880,880
16.398,542763277,17,1,1500,1500,1703,1500,2000,2000,999,1500,999,999,2000,2000,880,880
16.438,542803095,17,1,1500,1500,1703,1500,2000,2000,999,1500,999,999,2000,2000,880,880
16.478,542843364,17,1,1500,1500,1703,1500,2000,2000,999,1500,999,999,2000,2000,880,880
16.518,542883115,17,1,1500,1500,1702,1500,2000,2000,999,1500,999,999,2000,2000,880,880
16.558,542923462,17,1,1500,1500,1702,1500,2000,2000,999,1500,999,999,2000,2000,880,880
16.598,542963294,17,1,1500,1500,1702,1500,2000,2000,999,1500,999,999,2000,2000,880,880
16.638,543003084,17,1,1500,1500,1703,1500,2000,2000,999,1500,999,999,2000,2000,880,880
16.678,543043365,17,1,1500,1500,1703,1500,2000,2000,999,1500,999,999,2000,2000,880,880
16.718,543083534,17,1,1500,1500,1703,1500,2000,2000,999,1500,999,999,2000,2000,880,880
16.759,543123876,17,1,1500,1500,1702,1500,2000,2000,999,1500,999,999,2000,2000,880,880
16.798,543163430,17,1,1500,1500,1703,1500,2000,2000,999,1500,999,999,2000,2000,880,880
16.838,543203313,17,1,1500,1500,1703,1500,2000,2000,999,1500,999,999,2000,2000,880,880
16.878,543243058,17,1,1500,1500,1703,1500,2000,2000,999,1500,999,999,2000,2000,880,880
16.918,543282970,17,1,1500,1500,1703,1500,2000,2000,999,1500,999,999,2000,2000,880,880
16.959,543324242,17,1,1500,1500,1703,1500,2000,2000,999,1500,999,999,2000,2000,880,880
16.998,543363173,17,1,1500,1500,1702,1500,2000,2000,999,1500,999,999,2000,2000,880,880
17.038,543402995,17,1,1500,1500,1703,1500,2000,2000,999,1500,999,999,2000,2000,880,880
17.078,543443274,17,1,1500,1500,1702,1500,2000,2000,999,1500,999,999,2000,2000,880,880
17.118,543482988,17,1,1500,1500,1702,1500,2000,2000,999,1500,999,999,2000,2000,880,880
17.158,543523018,17,1,1500,1500,1704,1500,2000,2000,999,1500,999,999,2000,2000,880,880
17.198,543563238,17,1,1500,1500,1704,1500,2000,2000,999,1500,999,999,2000,2000,880,880
17.238,543603067,17,1,1500,1500,1704,1500,2000,2000,999,1500,999,999,2000,2000,880,880
17.278,543643297,17,1,1500,1500,1705,1500,2000,2000,999,1500,999,999,2000,2000,880,880
17.318,543683068,17,1,1500,1500,1706,1500,2000,2000,999,1500,999,999,2000,2000,880,880
17.358,543723070,17,1,1500,1500,1715,1500,2000,2000,999,1500,999,999,2000,2000,880,880
17.398,543763179,17,1,1500,1500,1716,1500,2000,2000,999,1500,999,999,2000,2000,880,880
17.438,543803214,17,1,1500,1500,1718,1500,2000,2000,999,1500,999,999,2000,2000,880,880
17.478,543843061,17,1,1500,1500,1718,1500,2000,2000,999,1500,999,999,2000,2000,880,880
17.518,543883056,17,1,1500,1500,1718,1500,2000,2000,999,1500,999,999,2000,2000,880,880
17.558,543922986,17,1,1500,1500,1718,1500,2000,2000,999,1500,999,999,2000,2000,880,880
17.598,543963477,17,1,1500,1500,1718,1500,2000,2000,999,1500,999,999,2000,2000,880,880
17.638,544003208,17,1,1500,1500,1720,1500,2000,2000,999,1500,999,999,2000,2000,880,880
17.678,544043301,17,1,1500,1500,1734,1500,2000,2000,999,1500,999,999,2000,2000,880,880
17.718,544083269,17,1,1500,1500,1737,1500,2000,2000,999,1500,999,999,2000,2000,880,880
17.758,544123328,17,1,1500,1500,1744,1500,2000,2000,999,1500,999,999,2000,2000,880,880
17.798,544163423,17,1,1500,1500,1769,1500,2000,2000,999,1500,999,999,2000,2000,880,880
17.838,544202913,17,1,1500,1500,1771,1500,2000,2000,999,1500,999,999,2000,2000,880,880
17.878,544243183,17,1,1500,1500,1771,1500,2000,2000,999,1500,999,999,2000,2000,880,880
17.918,544283000,17,1,1500,1500,1772,1500,2000,2000,999,1500,999,999,2000,2000,880,880
17.958,544322953,17,1,1500,1500,1772,1500,2000,2000,999,1500,999,999,2000,2000,880,880
17.998,544363302,17,1,1500,1500,1773,1500,2000,2000,999,1500,999,999,2000,2000,880,880
18.038,544403285,17,1,1500,1500,1773,1500,2000,2000,999,1500,999,999,2000,2000,880,880
18.078,544443239,17,1,1500,1500,1772,1500,2000,2000,999,1500,999,999,2000,2000,880,880
18.118,544483226,17,1,1500,1500,1773,1500,2000,2000,999,1500,999,999,2000,2000,880,880
18.158,544523265,17,1,1500,1500,1773,1500,2000,2000,999,1500,999,999,2000,2000,880,880
18.198,544563116,17,1,1500,1500,1773,1500,2000,2000,999,1500,999,999,2000,2000,880,880
18.238,544602981,17,1,1500,1500,1773,1500,2000,2000,999,1500,999,999,2000,2000,880,880
18.278,544642969,17,1,1500,1500,1773,1500,2000,2000,999,1500,999,999,2000,2000,880,880
18.318,544683165,17,1,1500,1500,1773,1500,2000,2000,999,1500,999,999,2000,2000,880,880
18.359,544724034,17,1,1500,1500,1773,1500,2000,2000,999,1500,999,999,2000,2000,880,880
18.398,544763251,17,1,1500,1500,1773,1500,2000,2000,999,1500,999,999,2000,2000,880,880
18.438,544803157,17,1,1500,1500,1773,1500,2000,2000,999,1500,999,999,2000,2000,880,880
18.478,544842866,17,1,1500,1500,1773,1500,2000,2000,999,1500,999,999,2000,2000,880,880
18.518,544882905,17,1,1500,1500,1773,1500,2000,2000,999,1500,999,999,2000,2000,880,880
18.558,544923261,17,1,1500,1500,1773,1500,2000,2000,999,1500,999,999,2000,2000,880,880
18.598,544963154,17,1,1500,1500,1773,1502,2000,2000,999,1500,999,999,2000,2000,880,880
18.638,545002926,17,1,1500,1500,1773,1500,2000,2000,999,1500,999,999,2000,2000,880,880
18.678,545042944,17,1,1500,1500,1773,1500,2000,2000,999,1500,999,999,2000,2000,880,880
18.718,545082882,17,1,1500,1500,1773,1500,2000,2000,999,1500,999,999,2000,2000,880,880
18.758,545123128,17,1,1500,1500,1773,1500,2000,2000,999,1500,999,999,2000,2000,880,880
18.798,545163252,17,1,1500,1500,1773,1500,2000,2000,999,1500,999,999,2000,2000,880,880
18.838,545203110,17,1,1500,1500,1773,1500,2000,2000,999,1500,999,999,2000,2000,880,880
18.878,545243132,17,1,1500,1500,1773,1500,2000,2000,999,1500,999,999,2000,2000,880,880
18.918,545283150,17,1,1500,1500,1772,1500,2000,2000,999,1500,999,999,2000,2000,880,880
18.958,545322805,17,1,1500,1500,1772,1500,2000,2000,999,1500,999,999,2000,2000,880,880
18.998,545362998,17,1,1500,1500,1772,1500,2000,2000,1500,1500,999,999,2000,2000,880,880
19.038,545403079,17,1,1500,1500,1772,1500,2000,2000,1500,1500,999,999,2000,2000,880,880
19.078,545442819,17,1,1500,1500,1772,1500,2000,2000,1500,1500,999,999,2000,2000,880,880
19.118,545483081,17,1,1500,1500,1772,1500,2000,2000,1500,1500,999,999,2000,2000,880,880
19.159,545523943,17,1,1500,1500,1772,1500,2000,2000,1500,1500,999,999,2000,2000,880,880
19.198,545563272,17,1,1500,1500,1772,1500,2000,2000,1500,1500,999,999,2000,2000,880,880
19.238,545602797,17,1,1500,1500,1772,1500,2000,2000,1500,1500,999,999,2000,2000,880,880
19.278,545642881,17,1,1500,1500,1772,1500,2000,2000,1500,1500,999,999,2000,2000,880,880
19.318,545683080,17,1,1500,1500,1772,1500,2000,2000,1500,1500,999,999,2000,2000,880,880
19.358,545722830,17,1,1500,1500,1772,1500,2000,2000,1500,1500,999,999,2000,2000,880,880
19.398,545763028,19,1,1500,1500,1772,1500,2000,2000,1500,1500,999,999,2000,2000,880,880
19.438,545802917,19,1,1500,1500,1772,1500,2000,2000,1500,1500,999,999,2000,2000,880,880
19.478,545842914,19,1,1500,1500,1772,1500,2000,2000,1500,1500,999,999,2000,2000,880,880
19.518,545883129,19,1,1500,1500,1773,1500,2000,2000,1500,1500,999,999,2000,2000,880,880
19.558,545923210,19,1,1500,1500,1773,1500,2000,2000,1500,1500,999,999,2000,2000,880,880
19.598,545963531,19,1,1500,1500,1773,1500,2000,2000,1500,1500,999,999,2000,2000,880,880
19.638,546002878,19,1,1500,1500,1773,1500,2000,2000,1500,1500,999,999,2000,2000,880,880
19.678,546042906,19,1,1500,1500,1773,1500,2000,2000,1500,1500,999,999,2000,2000,880,880
19.718,546083095,19,1,1500,1500,1772,1500,2000,2000,1500,1500,999,999,2000,2000,880,880
19.759,546124014,19,1,1500,1500,1773,1500,2000,2000,1500,1500,999,999,2000,2000,880,880
19.798,546163250,19,1,1500,1500,1773,1500,2000,2000,1500,1500,999,999,2000,2000,880,880
19.838,546203124,19,1,1500,1500,1773,1500,2000,2000,1500,1500,999,999,2000,2000,880,880
19.878,546243070,19,1,1500,1500,1773,1500,2000,2000,1500,1500,999,999,2000,2000,880,880
19.918,546283118,19,1,1500,1500,1773,1500,2000,2000,1500,1500,999,999,2000,2000,880,880
19.958,546323163,19,1,1500,1500,1773,1500,2000,2000,1500,1500,999,999,2000,2000,880,880
19.998,546362952,19,1,1500,1500,1772,1500,2000,2000,1500,1500,999,999,2000,2000,880,880
20.038,546402807,19,1,1500,1500,1772,1500,2000,2000,1500,1500,999,999,2000,2000,880,880
20.078,546442867,19,1,1500,1500,1773,1500,2000,2000,1500,1500,999,999,2000,2000,880,880
20.118,546482864,19,1,1500,1500,1773,1500,2000,2000,1500,1500,999,999,2000,2000,880,880
20.158,546523050,19,1,1500,1500,1773,1500,2000,2000,1500,1500,999,999,2000,2000,880,880
20.198,546563231,19,1,1500,1500,1773,1500,2000,2000,1500,1500,999,999,2000,2000,880,880
20.238,546603108,19,1,1500,1500,1773,1500,2000,2000,1500,1500,999,999,2000,2000,880,880
20.278,546642814,19,1,1500,1500,1773,1500,2000,2000,1500,1500,999,999,2000,2000,880,880
20.318,546682869,19,1,1500,1500,1772,1500,2000,2000,1500,1500,999,999,2000,2000,880,880
20.358,546722842,19,1,1500,1500,1773,1500,2000,2000,1500,1500,999,999,2000,2000,880,880
20.398,546762949,19,1,1500,1500,1773,1500,2000,2000,1500,1500,999,999,2000,2000,880,880
20.438,546802812,19,1,1500,1500,1772,1500,2000,2000,1500,1500,999,999,2000,2000,880,880
20.478,546842814,19,1,1500,1500,1772,1500,2000,2000,1500,1500,999,999,2000,2000,880,880
20.518,546883011,19,1,1500,1500,1772,1500,2000,2000,1500,1500,999,999,2000,2000,880,880
20.559,546923909,19,1,1500,1500,1772,1500,2000,2000,1500,1500,999,999,2000,2000,880,880
20.598,546963271,19,1,1500,1500,1772,1500,2000,2000,1500,1500,999,999,2000,2000,880,880
20.639,547004102,19,1,1500,1500,1771,1500,2000,2000,1500,1500,999,999,2000,2000,880,880
20.678,547043061,19,1,1500,1500,1755,1500,2000,2000,1500,1500,999,999,2000,2000,880,880
20.717,547082762,19,1,1500,1500,1739,1500,2000,2000,1500,1500,999,999,2000,2000,880,880
20.757,547122720,19,1,1500,1500,1738,1500,2000,2000,1500,1500,999,999,2000,2000,880,880
20.798,547162937,19,1,1500,1500,1715,1500,2000,2000,1500,1500,999,999,2000,2000,880,880
20.837,547202756,19,1,1500,1500,1713,1500,2000,2000,1500,1500,999,999,2000,2000,880,880
20.877,547242733,19,1,1500,1500,1713,1500,2000,2000,1500,1500,999,999,2000,2000,880,880
20.918,547283006,19,1,1500,1500,1712,1500,2000,2000,1500,1500,999,999,2000,2000,880,880
20.959,547323875,19,1,1500,1500,1712,1500,2000,2000,1500,1500,999,999,2000,2000,880,880
20.998,547362972,19,1,1500,1500,1711,1500,2000,2000,1500,1500,999,999,2000,2000,880,880
21.038,547403054,19,1,1500,1500,1711,1500,2000,2000,1500,1500,999,999,2000,2000,880,880
21.077,547442716,19,1,1500,1500,1711,1500,2000,2000,1500,1500,999,999,2000,2000,880,880
21.118,547483014,19,1,1500,1500,1710,1500,2000,2000,1500,1500,999,999,2000,2000,880,880
21.157,547522731,19,1,1500,1500,1710,1500,2000,2000,1500,1500,999,999,2000,2000,880,880
21.198,547562911,19,1,1500,1500,1710,1500,2000,2000,1500,1500,999,999,2000,2000,880,880
21.237,547602778,19,1,1500,1500,1710,1500,2000,2000,1500,1500,999,999,2000,2000,880,880
21.277,547642743,19,1,1500,1500,1695,1500,2000,2000,1500,1500,999,999,2000,2000,880,880
21.318,547682945,19,1,1500,1500,1693,1500,2000,2000,1500,1500,999,999,2000,2000,880,880
21.358,547723105,19,1,1500,1500,1685,1500,2000,2000,1500,1500,999,999,2000,2000,880,880
21.398,547763070,19,1,1500,1500,1675,1500,2000,2000,1500,1500,999,999,2000,2000,880,880
21.438,547802912,19,1,1500,1500,1667,1500,2000,2000,1500,1500,999,999,2000,2000,880,880
21.477,547842706,19,1,1500,1500,1665,1500,2000,2000,1500,1500,999,999,2000,2000,880,880
21.517,547882743,19,1,1500,1500,1665,1500,2000,2000,1500,1500,999,999,2000,2000,880,880
21.557,547922725,19,1,1500,1500,1665,1500,2000,2000,1500,1500,999,999,2000,2000,880,880
21.598,547962897,19,1,1500,1500,1665,1500,2000,2000,1500,1500,999,999,2000,2000,880,880
21.639,548004086,19,1,1500,1464,1665,1500,2000,2000,1500,1500,999,999,2000,2000,880,880
21.678,548042912,19,1,1500,1415,1665,1500,2000,2000,1500,1500,999,999,2000,2000,880,880
21.717,548082744,19,1,1500,1391,1665,1500,2000,2000,1500,1500,999,999,2000,2000,880,880
21.757,548122679,19,1,1500,1390,1665,1500,2000,2000,1500,1500,999,999,2000,2000,880,880
21.798,548163137,19,1,1500,1390,1665,1500,2000,2000,1500,1500,999,999,2000,2000,880,880
21.839,548203837,19,1,1500,1390,1665,1500,2000,2000,1500,1500,999,999,2000,2000,880,880
21.878,548242944,19,1,1500,1373,1665,1500,2000,2000,1500,1500,999,999,2000,2000,880,880
21.917,548282678,19,1,1500,1371,1665,1500,2000,2000,1500,1500,999,999,2000,2000,880,880
21.958,548322927,19,1,1500,1351,1665,1500,2000,2000,1500,1500,999,999,2000,2000,880,880
21.997,548362732,19,1,1500,1328,1665,1500,2000,2000,1500,1500,999,999,2000,2000,880,880
22.037,548402672,19,1,1500,1328,1665,1500,2000,2000,1500,1500,999,999,2000,2000,880,880
22.077,548442650,19,1,1485,1333,1665,1500,2000,2000,1500,1500,999,999,2000,2000,880,880
22.117,548482662,19,1,1460,1313,1665,1500,2000,2000,1500,1500,999,999,2000,2000,880,880
22.157,548522674,19,1,1451,1298,1665,1500,2000,2000,1500,1500,999,999,2000,2000,880,880
22.197,548562776,19,1,1454,1298,1665,1500,2000,2000,1500,1500,999,999,2000,2000,880,880
22.237,548602618,19,1,1436,1288,1665,1500,2000,2000,1500,1500,999,999,2000,2000,880,880
22.277,548642645,19,1,1436,1268,1665,1500,2000,2000,1500,1500,999,999,2000,2000,880,880
22.318,548682919,19,1,1436,1255,1665,1500,2000,2000,1500,1500,999,999,2000,2000,880,880
22.358,548723727,19,1,1435,1253,1665,1500,2000,2000,1500,1500,999,999,2000,2000,880,880
22.398,548763188,19,1,1393,1253,1665,1500,2000,2000,1500,1500,999,999,2000,2000,880,880
22.438,548803105,19,1,1361,1238,1665,1500,2000,2000,1500,1500,999,999,2000,2000,880,880
22.477,548842613,19,1,1321,1210,1665,1500,2000,2000,1500,1500,999,999,2000,2000,880,880
22.517,548882608,19,1,1293,1205,1665,1500,2000,2000,1500,1500,999,999,2000,2000,880,880
22.557,548922606,19,1,1271,1205,1665,1500,2000,2000,1500,1500,999,999,2000,2000,880,880
22.597,548962765,19,1,1233,1190,1665,1500,2000,2000,1500,1500,999,999,2000,2000,880,880
22.638,549002857,19,1,1233,1197,1665,1500,2000,2000,1500,1500,999,999,2000,2000,880,880
22.677,549042527,19,1,1261,1211,1665,1500,2000,2000,1500,1500,999,999,2000,2000,880,880
22.717,549082610,19,1,1245,1205,1665,1500,2000,2000,1500,1500,999,999,2000,2000,880,880
22.757,549122609,19,1,1236,1203,1665,1500,2000,2000,1500,1500,999,999,2000,2000,880,880
22.798,549162946,19,1,1243,1205,1665,1500,2000,2000,1500,1500,999,999,2000,2000,880,880
22.837,549202584,19,1,1258,1211,1665,1500,2000,2000,1500,1500,999,999,2000,2000,880,880
22.877,549242758,19,1,1258,1212,1665,1500,2000,2000,1500,1500,999,999,2000,2000,880,880
22.917,549282621,19,1,1258,1215,1665,1500,2000,2000,1500,1500,999,999,2000,2000,880,880
22.957,549322588,19,1,1258,1215,1665,1500,2000,2000,1500,1500,999,999,2000,2000,880,880
22.997,549362683,19,1,1258,1215,1665,1500,2000,2000,1500,1500,999,999,2000,2000,880,880
23.038,549402805,19,1,1265,1216,1665,1500,2000,2000,1500,1500,999,999,2000,2000,880,880
23.077,549442762,19,1,1265,1217,1665,1500,2000,2000,1500,1500,999,999,2000,2000,880,880
23.117,549482733,19,1,1263,1217,1665,1500,2000,2000,1500,1500,999,999,2000,2000,880,880
23.158,549522826,19,1,1260,1220,1665,1500,2000,2000,1500,1500,999,999,2000,2000,880,880
23.197,549562722,19,1,1248,1220,1665,1500,2000,2000,1500,1500,999,999,2000,2000,880,880
23.237,549602549,19,1,1250,1217,1665,1500,2000,2000,1500,1500,999,999,2000,2000,880,880
23.277,549642525,19,1,1250,1217,1665,1500,2000,2000,1500,1500,999,999,2000,2000,880,880
23.318,549682789,19,1,1233,1217,1665,1500,2000,2000,1500,1500,999,999,2000,2000,880,880
23.357,549722527,19,1,1225,1210,1665,1500,2000,2000,1500,1500,999,999,2000,2000,880,880
23.398,549762896,19,1,1225,1212,1665,1500,2000,2000,1500,1500,999,999,2000,2000,880,880
23.437,549802506,19,1,1240,1220,1665,1500,2000,2000,1500,1500,999,999,2000,2000,880,880
23.477,549842497,19,1,1238,1220,1665,1500,2000,2000,1500,1500,999,999,2000,2000,880,880
23.517,549882482,19,1,1238,1220,1665,1500,2000,2000,1500,1500,999,999,2000,2000,880,880
23.557,549922568,19,1,1238,1213,1665,1500,2000,2000,1500,1500,999,999,2000,2000,880,880
23.597,549962651,19,1,1235,1210,1665,1500,2000,2000,1500,1500,999,999,2000,2000,880,880
23.637,550002516,19,1,1255,1202,1665,1500,2000,2000,1500,1500,999,999,2000,2000,880,880
23.677,550042772,19,1,1258,1182,1665,1500,2000,2000,1500,1500,999,999,2000,2000,880,880
23.717,550082706,19,1,1270,1175,1665,1500,2000,2000,1500,1500,999,999,2000,2000,880,880
23.758,550122872,19,1,1308,1172,1665,1500,2000,2000,1500,1500,999,999,2000,2000,880,880
23.798,550162896,19,1,1396,1211,1665,1500,2000,2000,1500,1500,999,999,2000,2000,880,880
23.837,550202486,19,1,1446,1265,1664,1500,2000,2000,1500,1500,999,999,2000,2000,880,880
23.877,550242470,19,1,1446,1298,1665,1500,2000,2000,1500,1500,999,999,2000,2000,880,880
23.917,550282485,19,1,1484,1343,1664,1500,2000,2000,1500,1500,999,999,2000,2000,880,880
23.957,550322749,19,1,1500,1503,1665,1500,2000,2000,1500,1500,999,999,2000,2000,880,880
23.997,550362554,19,1,1500,1500,1664,1500,2000,2000,1500,1500,999,999,2000,2000,880,880
24.037,550402425,19,1,1500,1500,1665,1500,2000,2000,1500,1500,999,999,2000,2000,880,880
24.077,550442468,19,1,1500,1500,1664,1500,2000,2000,1500,1500,999,999,2000,2000,880,880
24.117,550482441,19,1,1500,1500,1664,1500,2000,2000,1500,1500,999,999,2000,2000,880,880
24.157,550522705,19,1,1500,1500,1665,1500,2000,2000,1500,1500,999,999,2000,2000,880,880
24.197,550562520,19,1,1500,1500,1665,1500,2000,2000,1500,1500,999,999,2000,2000,880,880
24.237,550602512,19,1,1500,1500,1665,1500,2000,2000,1500,1500,999,999,2000,2000,880,880
24.277,550642420,19,1,1500,1500,1664,1500,2000,2000,1500,1500,999,999,2000,2000,880,880
24.318,550682912,19,1,1500,1500,1664,1500,2000,2000,1500,1500,999,999,2000,2000,880,880
24.357,550722428,19,1,1500,1500,1664,1500,2000,2000,1500,1500,999,999,2000,2000,880,880
24.398,550762798,19,1,1500,1500,1664,1500,2000,2000,1500,1500,999,999,2000,2000,880,880
24.437,550802617,19,1,1500,1500,1665,1500,2000,2000,1500,1500,999,999,2000,2000,880,880
24.477,550842377,19,1,1500,1500,1665,1500,2000,2000,1500,1500,999,999,2000,2000,880,880
24.517,550882409,19,1,1500,1500,1665,1500,2000,2000,1500,1500,999,999,2000,2000,880,880
24.557,550922426,19,1,1500,1500,1665,1500,2000,2000,1500,1500,999,999,2000,2000,880,880
24.598,550962807,19,1,1500,1500,1664,1500,2000,2000,1500,1500,999,999,2000,2000,880,880
24.638,551003622,19,1,1500,1500,1663,1500,2000,2000,1500,1500,999,999,2000,2000,880,880
24.678,551042953,19,1,1500,1500,1662,1500,2000,2000,1500,1500,999,999,2000,2000,880,880
24.717,551082584,19,1,1500,1500,1660,1500,2000,2000,1500,1500,999,999,2000,2000,880,880
24.758,551123532,19,1,1500,1500,1644,1500,2000,2000,1500,1500,999,999,2000,2000,880,880
24.798,551162803,19,1,1500,1500,1642,1500,2000,2000,1500,1500,999,999,2000,2000,880,880
24.837,551202429,19,1,1500,1500,1634,1500,2000,2000,1500,1500,999,999,2000,2000,880,880
24.877,551242388,19,1,1500,1500,1625,1500,2000,2000,1500,1500,999,999,2000,2000,880,880
24.917,551282362,19,1,1500,1500,1623,1500,2000,2000,1500,1500,999,999,2000,2000,880,880
24.957,551322393,19,1,1500,1500,1622,1500,2000,2000,1500,1500,999,999,2000,2000,880,880
24.997,551362489,19,1,1500,1500,1621,1500,2000,2000,1500,1500,999,999,2000,2000,880,880
25.037,551402385,19,1,1500,1500,1620,1500,2000,2000,1500,1500,999,999,2000,2000,880,880
25.077,551442352,19,1,1500,1500,1618,1500,2000,2000,1500,1500,999,999,2000,2000,880,880
25.117,551482360,19,1,1500,1500,1617,1500,2000,2000,1500,1500,999,999,2000,2000,880,880
25.158,551523465,19,1,1500,1500,1609,1500,2000,2000,1500,1500,999,999,2000,2000,880,880
25.197,551562440,19,1,1500,1500,1602,1500,2000,2000,1500,1500,999,999,2000,2000,880,880
25.237,551602413,19,1,1500,1500,1600,1500,2000,2000,1500,1500,999,999,2000,2000,880,880
25.277,551642328,19,1,1500,1500,1598,1500,2000,2000,1500,1500,999,999,2000,2000,880,880
25.317,551682312,19,1,1500,1500,1596,1500,2000,2000,1500,1500,999,999,2000,2000,880,880
25.358,551723450,19,1,1500,1500,1588,1500,2000,2000,1500,1500,999,999,2000,2000,880,880
25.397,551762432,19,1,1500,1500,1587,1500,2000,2000,1500,1500,999,999,2000,2000,880,880
25.437,551802336,19,1,1500,1507,1587,1500,2000,2000,1500,1500,999,999,2000,2000,880,880
25.477,551842323,19,1,1500,1532,1587,1500,2000,2000,1500,1500,999,999,2000,2000,880,880
25.517,551882333,19,1,1500,1581,1587,1500,2000,2000,1500,1500,999,999,2000,2000,880,880
25.557,551922314,19,1,1500,1638,1586,1500,2000,2000,1500,1500,999,999,2000,2000,880,880
25.597,551962479,19,1,1500,1668,1586,1500,2000,2000,1500,1500,999,999,2000,2000,880,880
25.637,552002507,19,1,1507,1670,1586,1500,2000,2000,1500,1500,999,999,2000,2000,880,880
25.677,552042578,19,1,1500,1662,1586,1500,2000,2000,1500,1500,999,999,2000,2000,880,880
25.717,552082273,19,1,1500,1655,1586,1500,2000,2000,1500,1500,999,999,2000,2000,880,880
25.757,552122617,19,1,1500,1655,1586,1500,2000,2000,1500,1500,999,999,2000,2000,880,880
25.797,552162420,19,1,1500,1652,1586,1500,2000,2000,1500,1500,999,999,2000,2000,880,880
25.837,552202332,19,1,1500,1646,1586,1500,2000,2000,1500,1500,999,999,2000,2000,880,880
25.877,552242515,19,1,1500,1647,1587,1500,2000,2000,1500,1500,999,999,2000,2000,880,880
25.917,552282484,19,1,1500,1648,1587,1500,2000,2000,1500,1500,999,999,2000,2000,880,880
25.957,552322204,19,1,1500,1649,1586,1500,2000,2000,1500,1500,999,999,2000,2000,880,880
25.997,552362411,19,1,1500,1663,1586,1500,2000,2000,1500,1500,999,999,2000,2000,880,880
26.037,552402277,19,1,1500,1672,1586,1500,2000,2000,1500,1500,999,999,2000,2000,880,880
26.077,552442481,19,1,1500,1689,1586,1500,2000,2000,1500,1500,999,999,2000,2000,880,880
26.117,552482233,19,1,1500,1695,1586,1500,2000,2000,1500,1500,999,999,2000,2000,880,880
26.157,552522207,19,1,1500,1695,1587,1500,2000,2000,1500,1500,999,999,2000,2000,880,880
26.197,552562425,19,1,1500,1686,1587,1500,2000,2000,1500,1500,999,999,2000,2000,880,880
26.237,552602486,19,1,1500,1686,1587,1500,2000,2000,1500,1500,999,999,2000,2000,880,880
26.277,552642238,19,1,1500,1680,1587,1500,2000,2000,1500,1500,999,999,2000,2000,880,880
26.317,552682261,19,1,1500,1671,1587,1500,2000,2000,1500,1500,999,999,2000,2000,880,880
26.357,552722144,19,1,1500,1672,1586,1500,2000,2000,1500,1500,999,999,2000,2000,880,880
26.397,552762385,19,1,1500,1672,1586,1500,2000,2000,1500,1500,999,999,2000,2000,880,880
26.437,552802227,19,1,1500,1650,1587,1500,2000,2000,1500,1500,999,999,2000,2000,880,880
26.477,552842493,19,1,1500,1627,1586,1500,2000,2000,1500,1500,999,999,2000,2000,880,880
26.517,552882487,19,1,1500,1595,1586,1500,2000,2000,1500,1500,999,999,2000,2000,880,880
26.557,552922539,19,1,1500,1557,1586,1500,2000,2000,1500,1500,999,999,2000,2000,880,880
26.597,552962645,19,1,1500,1512,1586,1500,2000,2000,1500,1500,999,999,2000,2000,880,880
26.637,553002214,19,1,1500,1500,1586,1500,2000,2000,1500,1500,999,999,2000,2000,880,880
26.677,553042252,19,1,1500,1500,1586,1500,2000,2000,1500,1500,999,999,2000,2000,880,880
26.717,553082165,19,1,1500,1498,1586,1500,2000,2000,1500,1500,999,999,2000,2000,880,880
26.757,553122189,19,1,1500,1490,1586,1500,2000,2000,1500,1500,999,999,2000,2000,880,880
26.797,553162315,19,1,1500,1489,1586,1500,2000,2000,1500,1500,999,999,2000,2000,880,880
26.837,553202394,19,1,1500,1496,1586,1500,2000,2000,1500,1500,999,999,2000,2000,880,880
26.877,553242368,19,1,1500,1500,1586,1500,2000,2000,1500,1500,999,999,2000,2000,880,880
26.917,553282410,19,1,1500,1500,1586,1500,2000,2000,1500,1500,999,999,2000,2000,880,880
26.958,553323256,19,1,1500,1500,1585,1500,2000,2000,1500,1500,999,999,2000,2000,880,880
26.997,553362241,19,1,1500,1500,1577,1500,2000,2000,1500,1500,999,999,2000,2000,880,880
27.037,553402159,19,1,1500,1500,1569,1500,2000,2000,1500,1500,999,999,2000,2000,880,880
27.077,553442355,19,1,1500,1500,1567,1500,2000,2000,1500,1500,999,999,2000,2000,880,880
27.117,553482363,19,1,1500,1500,1544,1500,2000,2000,1500,1500,999,999,2000,2000,880,880
27.157,553522143,19,1,1500,1500,1519,1500,2000,2000,1500,1500,999,999,2000,2000,880,880
27.197,553562269,19,1,1500,1500,1511,1500,2000,2000,1500,1500,999,999,2000,2000,880,880
27.237,553602069,19,1,1500,1500,1512,1500,2000,2000,1500,1500,999,999,2000,2000,880,880
27.277,553642167,19,1,1544,1500,1512,1500,2000,2000,1500,1500,999,999,2000,2000,880,880
27.317,553682148,19,1,1612,1500,1513,1500,2000,2000,1500,1500,999,999,2000,2000,880,880
27.357,553722065,19,1,1681,1500,1514,1500,2000,2000,1500,1500,999,999,2000,2000,880,880
27.397,553762478,19,1,1788,1500,1514,1500,2000,2000,1500,1500,999,999,2000,2000,880,880
27.437,553802459,19,1,1819,1500,1514,1500,2000,2000,1500,1500,999,999,2000,2000,880,880
27.477,553842348,19,1,1800,1500,1514,1500,2000,2000,1500,1500,999,999,2000,2000,880,880
27.517,553882345,19,1,1809,1500,1514,1500,2000,2000,1500,1500,999,999,2000,2000,880,880
27.557,553922394,19,1,1822,1500,1514,1500,2000,2000,1500,1500,999,999,2000,2000,880,880
27.597,553962582,19,1,1807,1500,1514,1500,2000,2000,1500,1500,999,999,2000,2000,880,880
27.637,554002108,19,1,1806,1500,1514,1500,2000,2000,1500,1500,999,999,2000,2000,880,880
27.677,554042133,19,1,1814,1500,1514,1500,2000,2000,1500,1500,999,999,2000,2000,880,880
27.717,554082130,19,1,1813,1500,1514,1500,2000,2000,1500,1500,999,999,2000,2000,880,880
27.758,554123522,19,1,1813,1500,1514,1500,2000,2000,1500,1500,999,999,2000,2000,880,880
27.797,554162440,19,1,1836,1500,1514,1500,2000,2000,1500,1500,999,999,2000,2000,880,880
27.837,554202076,19,1,1835,1500,1514,1500,2000,2000,1500,1500,999,999,2000,2000,880,880
27.877,554242087,19,1,1826,1500,1514,1500,2000,2000,1500,1500,999,999,2000,2000,880,880
27.917,554282069,19,1,1843,1500,1514,1500,2000,2000,1500,1500,999,999,2000,2000,880,880
27.957,554322009,19,1,1844,1500,1513,1500,2000,2000,1500,1500,999,999,2000,2000,880,880
27.997,554362384,19,1,1853,1500,1514,1500,2000,2000,1500,1500,999,999,2000,2000,880,880
28.037,554402332,19,1,1882,1500,1514,1500,2000,2000,1500,1500,999,999,2000,2000,880,880
28.077,554442068,19,1,1888,1500,1514,1500,2000,2000,1500,1500,999,999,2000,2000,880,880
28.117,554482051,19,1,1890,1500,1514,1500,2000,2000,1500,1500,999,999,2000,2000,880,880
28.157,554521994,19,1,1882,1500,1514,1500,2000,2000,1500,1500,999,999,2000,2000,880,880
28.197,554562623,19,1,1882,1500,1514,1500,2000,2000,1500,1500,999,999,2000,2000,880,880
28.237,554602005,19,1,1882,1500,1514,1500,2000,2000,1500,1500,999,999,2000,2000,880,880
28.277,554642057,19,1,1882,1500,1514,1500,2000,2000,1500,1500,999,999,2000,2000,880,880
28.317,554682024,19,1,1883,1500,1514,1500,2000,2000,1500,1500,999,999,2000,2000,880,880
28.357,554722006,19,1,1882,1500,1514,1500,2000,2000,1500,1500,999,999,2000,2000,880,880
28.397,554762622,19,1,1865,1500,1513,1500,2000,2000,1500,1500,999,999,2000,2000,880,880
28.437,554802323,19,1,1847,1500,1513,1500,2000,2000,1500,1500,999,999,2000,2000,880,880
28.477,554842044,19,1,1847,1500,1513,1500,2000,2000,1500,1500,999,999,2000,2000,880,880
28.517,554882016,19,1,1845,1500,1513,1500,2000,2000,1500,1500,999,999,2000,2000,880,880
28.557,554921992,19,1,1819,1500,1513,1500,2000,2000,1500,1500,999,999,2000,2000,880,880
28.597,554962193,19,1,1791,1500,1513,1500,2000,2000,1500,1500,999,999,2000,2000,880,880
28.638,555003103,19,1,1752,1500,1513,1500,2000,2000,1500,1500,999,999,2000,2000,880,880
28.677,555042264,19,1,1688,1500,1512,1500,2000,2000,1500,1500,999,999,2000,2000,880,880
28.717,555082192,19,1,1651,1500,1512,1500,2000,2000,1500,1500,999,999,2000,2000,880,880
28.757,555122243,19,1,1651,1500,1496,1500,2000,2000,1500,1500,999,999,2000,2000,880,880
28.797,555162090,19,1,1605,1500,1486,1500,2000,2000,1500,1500,999,999,2000,2000,880,880
28.837,555201930,19,1,1542,1500,1479,1500,2000,2000,1500,1500,999,999,2000,2000,880,880
28.877,555241848,19,1,1503,1500,1479,1500,2000,2000,1500,1500,999,999,2000,2000,880,880
28.917,555281929,19,1,1500,1500,1478,1500,2000,2000,1500,1500,999,999,2000,2000,880,880
28.957,555321923,19,1,1500,1500,1475,1500,2000,2000,1500,1500,999,999,2000,2000,880,880
28.997,555362349,19,1,1500,1500,1474,1500,2000,2000,1500,1500,999,999,2000,2000,880,880
29.037,555401974,19,1,1500,1500,1473,1500,2000,2000,1500,1500,999,999,2000,2000,880,880
29.077,555441969,19,1,1500,1507,1471,1500,2000,2000,1500,1500,999,999,2000,2000,880,880
29.117,555482232,19,1,1500,1517,1471,1500,2000,2000,1500,1500,999,999,2000,2000,880,880
29.157,555522187,19,1,1500,1547,1471,1500,2000,2000,1500,1500,999,999,2000,2000,880,880
29.197,555562319,19,1,1500,1602,1471,1500,2000,2000,1500,1500,999,999,2000,2000,880,880
29.237,555602278,19,1,1500,1665,1471,1500,2000,2000,1500,1500,999,999,2000,2000,880,880
29.277,555642161,19,1,1500,1695,1471,1500,2000,2000,1500,1500,999,999,2000,2000,880,880
29.317,555681901,19,1,1500,1710,1471,1500,2000,2000,1500,1500,999,999,2000,2000,880,880
29.357,555721890,19,1,1500,1711,1471,1500,2000,2000,1500,1500,999,999,2000,2000,880,880
29.397,555762033,19,1,1500,1720,1471,1500,2000,2000,1500,1500,999,999,2000,2000,880,880
29.437,555802189,19,1,1500,1722,1471,1500,2000,2000,1500,1500,999,999,2000,2000,880,880
29.477,555842125,19,1,1500,1722,1471,1500,2000,2000,1500,1500,999,999,2000,2000,880,880
29.517,555882115,19,1,1491,1720,1471,1500,2000,2000,1500,1500,999,999,2000,2000,880,880
29.557,555922150,19,1,1476,1720,1471,1500,2000,2000,1500,1500,999,999,2000,2000,880,880
29.597,555962161,19,1,1459,1719,1471,1500,2000,2000,1500,1500,999,999,2000,2000,880,880
29.637,556001880,19,1,1458,1720,1471,1500,2000,2000,1500,1500,999,999,2000,2000,880,880
29.677,556042283,19,1,1471,1727,1471,1500,2000,2000,1500,1500,999,999,2000,2000,880,880
29.717,556082137,19,1,1473,1736,1471,1500,2000,2000,1500,1500,999,999,2000,2000,880,880
29.757,556122226,19,1,1485,1744,1471,1500,2000,2000,1500,1500,999,999,2000,2000,880,880
29.797,556162313,19,1,1485,1744,1471,1500,2000,2000,1500,1500,999,999,2000,2000,880,880
29.837,556201867,19,1,1486,1744,1471,1500,2000,2000,1500,1500,999,999,2000,2000,880,880
29.877,556242064,19,1,1479,1744,1471,1500,2000,2000,1500,1500,999,999,2000,2000,880,880
29.917,556282061,19,1,1431,1722,1471,1500,2000,2000,1500,1500,999,999,2000,2000,880,880
29.958,556323000,19,1,1424,1714,1471,1500,2000,2000,1500,1500,999,999,2000,2000,880,880
29.997,556362038,19,1,1409,1714,1471,1500,2000,2000,1500,1500,999,999,2000,2000,880,880
30.037,556402218,19,1,1385,1715,1471,1500,2000,2000,1500,1500,999,999,2000,2000,880,880
30.077,556441850,19,1,1371,1729,1471,1500,2000,2000,1500,1500,999,999,2000,2000,880,880
30.117,556481864,19,1,1371,1749,1471,1500,2000,2000,1500,1500,999,999,2000,2000,880,880
30.157,556521850,19,1,1371,1749,1471,1500,2000,2000,1500,1500,999,999,2000,2000,880,880
30.197,556561982,19,1,1353,1748,1471,1500,2000,2000,1500,1500,999,999,2000,2000,880,880
30.237,556601887,19,1,1310,1734,1471,1500,2000,2000,1500,1500,999,999,2000,2000,880,880
30.277,556641848,19,1,1303,1734,1471,1500,2000,2000,1500,1500,999,999,2000,2000,880,880
30.317,556681834,19,1,1290,1733,1471,1500,2000,2000,1500,1500,999,999,2000,2000,880,880
30.358,556722955,19,1,1280,1732,1471,1500,2000,2000,1500,1500,999,999,2000,2000,880,880
30.397,556761987,19,1,1275,1730,1471,1500,2000,2000,1500,1500,999,999,2000,2000,880,880
30.437,556801832,19,1,1283,1732,1471,1500,2000,2000,1500,1500,999,999,2000,2000,880,880
30.477,556842022,19,1,1298,1733,1471,1500,2000,2000,1500,1500,999,999,2000,2000,880,880
30.517,556881819,19,1,1308,1732,1471,1500,2000,2000,1500,1500,999,999,2000,2000,880,880
30.557,556921808,19,1,1321,1739,1471,1500,2000,2000,1500,1500,999,999,2000,2000,880,880
30.597,556962204,19,1,1323,1745,1471,1500,2000,2000,1500,1500,999,999,2000,2000,880,880
30.637,557001803,19,1,1328,1753,1471,1500,2000,2000,1500,1500,999,999,2000,2000,880,880
30.677,557042015,19,1,1328,1763,1471,1500,2000,2000,1500,1500,999,999,2000,2000,880,880
30.717,557082048,19,1,1315,1755,1471,1500,2000,2000,1500,1500,999,999,2000,2000,880,880
30.756,557121749,19,1,1315,1723,1471,1500,2000,2000,1500,1500,999,999,2000,2000,880,880
30.797,557161923,19,1,1361,1707,1471,1500,2000,2000,1500,1500,999,999,2000,2000,880,880
30.837,557201829,19,1,1396,1706,1471,1500,2000,2000,1500,1500,999,999,2000,2000,880,880
30.877,557241810,19,1,1436,1703,1471,1500,2000,2000,1500,1500,999,999,2000,2000,880,880
30.916,557281763,19,1,1446,1702,1471,1500,2000,2000,1500,1500,999,999,2000,2000,880,880
30.957,557322003,19,1,1406,1688,1471,1500,2000,2000,1500,1500,999,999,2000,2000,880,880
30.997,557361846,19,1,1371,1675,1471,1500,2000,2000,1500,1500,999,999,2000,2000,880,880
31.036,557401760,19,1,1333,1666,1471,1500,2000,2000,1500,1500,999,999,2000,2000,880,880
31.076,557441781,19,1,1323,1668,1471,1500,2000,2000,1500,1500,999,999,2000,2000,880,880
31.117,557481945,19,1,1308,1667,1471,1500,2000,2000,1500,1500,999,999,2000,2000,880,880
31.157,557522009,19,1,1280,1668,1471,1500,2000,2000,1500,1500,999,999,2000,2000,880,880
31.197,557561842,19,1,1250,1668,1471,1500,2000,2000,1500,1500,999,999,2000,2000,880,880
31.236,557601770,19,1,1182,1643,1471,1500,2000,2000,1500,1500,999,999,2000,2000,880,880
31.276,557641732,19,1,1166,1636,1471,1500,2000,2000,1500,1500,999,999,2000,2000,880,880
31.317,557682009,19,1,1158,1630,1471,1500,2000,2000,1500,1500,999,999,2000,2000,880,880
31.357,557722222,19,1,1151,1621,1471,1500,2000,2000,1500,1500,999,999,2000,2000,880,880
31.397,557762277,19,1,1136,1619,1471,1500,2000,2000,1500,1500,999,999,2000,2000,880,880
31.437,557801970,19,1,1136,1617,1471,1500,2000,2000,1500,1500,999,999,2000,2000,880,880
31.476,557841724,19,1,1167,1615,1471,1500,2000,2000,1500,1500,999,999,2000,2000,880,880
31.516,557881715,19,1,1175,1599,1471,1500,2000,2000,1500,1500,999,999,2000,2000,880,880
31.556,557921716,19,1,1175,1585,1471,1500,2000,2000,1500,1500,999,999,2000,2000,880,880
31.597,557962074,19,1,1186,1583,1471,1500,2000,2000,1500,1500,999,999,2000,2000,880,880
31.636,558001622,19,1,1215,1575,1471,1500,2000,2000,1500,1500,999,999,2000,2000,880,880
31.676,558041763,19,1,1243,1555,1471,1500,2000,2000,1500,1500,999,999,2000,2000,880,880
31.716,558081681,19,1,1305,1545,1471,1500,2000,2000,1500,1500,999,999,2000,2000,880,880
31.757,558122041,19,1,1313,1537,1471,1500,2000,2000,1500,1500,999,999,2000,2000,880,880
31.797,558162073,19,1,1328,1535,1471,1500,2000,2000,1500,1500,999,999,2000,2000,880,880
31.837,558202003,19,1,1370,1521,1471,1500,2000,2000,1500,1500,999,999,2000,2000,880,880
31.877,558241895,19,1,1368,1500,1471,1500,2000,2000,1500,1500,999,999,2000,2000,880,880
31.916,558281699,19,1,1411,1500,1471,1500,2000,2000,1500,1500,999,999,2000,2000,880,880
31.956,558321664,19,1,1481,1500,1471,1500,2000,2000,1500,1500,999,999,2000,2000,880,880
31.996,558361770,19,1,1500,1500,1471,1500,2000,2000,1500,1500,999,999,2000,2000,880,880
32.036,558401643,19,1,1500,1500,1471,1500,2000,2000,1500,1500,999,999,2000,2000,880,880
32.077,558442082,19,1,1500,1500,1471,1500,2000,2000,1500,1500,999,999,2000,2000,880,880
32.117,558481871,19,1,1500,1500,1471,1500,2000,2000,1500,1500,999,999,2000,2000,880,880
32.157,558522742,19,1,1500,1500,1471,1500,2000,2000,1500,1500,999,999,2000,2000,880,880
32.197,558561955,19,1,1500,1500,1471,1500,2000,2000,1500,1500,999,999,2000,2000,880,880
32.236,558601682,19,1,1500,1500,1471,1500,2000,2000,1500,1500,999,999,2000,2000,880,880
32.276,558641606,19,1,1500,1500,1471,1500,2000,2000,1500,1500,999,999,2000,2000,880,880
32.316,558681668,19,1,1500,1500,1471,1500,2000,2000,1500,1500,999,999,2000,2000,880,880
32.357,558722714,19,1,1500,1500,1471,1500,2000,2000,1500,1500,999,999,2000,2000,880,880
32.397,558762211,19,1,1500,1500,1471,1500,2000,2000,1500,1500,999,999,2000,2000,880,880
32.436,558801592,19,1,1500,1500,1471,1500,2000,2000,1500,1500,999,999,2000,2000,880,880
32.476,558841649,19,1,1500,1500,1471,1500,2000,2000,1500,1500,999,999,2000,2000,880,880
32.516,558881593,19,1,1500,1500,1471,1500,2000,2000,1500,1500,999,999,2000,2000,880,880
32.556,558921593,19,1,1500,1500,1471,1500,2000,2000,1500,1500,999,999,2000,2000,880,880
32.597,558962011,19,1,1500,1500,1471,1500,2000,2000,1500,1500,999,999,2000,2000,880,880
32.638,559002971,19,1,1500,1500,1471,1500,2000,2000,1500,1500,999,999,2000,2000,880,880
32.677,559041857,19,1,1500,1500,1471,1500,2000,2000,1500,1500,999,999,2000,2000,880,880
32.717,559081823,19,1,1500,1500,1471,1500,2000,2000,1500,1500,999,999,2000,2000,880,880
32.757,559121896,19,1,1500,1500,1471,1500,2000,2000,1500,1500,999,999,2000,2000,880,880
32.796,559161694,19,1,1500,1500,1471,1500,2000,2000,1500,1500,999,999,2000,2000,880,880
32.836,559201615,19,1,1500,1500,1471,1500,2000,2000,1500,1500,999,999,2000,2000,880,880
32.876,559241582,19,1,1500,1500,1471,1500,2000,2000,1500,1500,999,999,2000,2000,880,880
32.916,559281768,19,1,1500,1500,1471,1500,2000,2000,1500,1500,999,999,2000,2000,880,880
32.957,559321869,19,1,1500,1500,1471,1500,2000,2000,1500,1500,999,999,2000,2000,880,880
32.996,559361637,19,1,1500,1500,1471,1500,2000,2000,1500,1500,999,999,2000,2000,880,880
33.036,559401560,19,1,1500,1500,1471,1500,2000,2000,1500,1500,999,999,2000,2000,880,880
33.076,559441529,19,1,1500,1500,1470,1500,2000,2000,1500,1500,999,999,2000,2000,880,880
33.117,559481833,19,1,1500,1500,1469,1500,2000,2000,1500,1500,999,999,2000,2000,880,880
33.156,559521546,19,1,1500,1500,1454,1500,2000,2000,1500,1500,999,999,2000,2000,880,880
33.196,559561667,19,1,1500,1500,1451,1500,2000,2000,1500,1500,999,999,2000,2000,880,880
33.236,559601566,19,1,1500,1500,1451,1500,2000,2000,1500,1500,999,999,2000,2000,880,880
33.276,559641572,19,1,1500,1500,1451,1500,2000,2000,1500,1500,999,999,2000,2000,880,880
33.317,559681823,19,1,1500,1500,1451,1500,2000,2000,1500,1500,999,999,2000,2000,880,880
33.357,559722609,19,1,1500,1500,1451,1500,2000,2000,1500,1500,999,999,2000,2000,880,880
33.396,559761606,19,1,1500,1500,1451,1500,2000,2000,1500,1500,999,999,2000,2000,880,880
33.436,559801521,19,1,1500,1499,1451,1500,2000,2000,1500,1500,999,999,2000,2000,880,880
33.476,559841532,19,1,1500,1480,1451,1500,2000,2000,1500,1500,999,999,2000,2000,880,880
33.516,559881542,19,1,1500,1456,1451,1500,2000,2000,1500,1500,999,999,2000,2000,880,880
33.557,559922696,19,1,1500,1440,1451,1500,2000,2000,1500,1500,999,999,2000,2000,880,880
33.597,559961935,19,1,1500,1421,1451,1500,2000,2000,1500,1500,999,999,2000,2000,880,880
33.636,560001529,19,1,1500,1386,1451,1500,2000,2000,1500,1500,999,999,2000,2000,880,880
33.676,560041761,19,1,1500,1370,1451,1500,2000,2000,1500,1500,999,999,2000,2000,880,880
33.716,560081529,19,1,1500,1361,1451,1500,2000,2000,1500,1500,999,999,2000,2000,880,880
33.756,560121451,19,1,1500,1356,1451,1500,2000,2000,1500,1500,999,999,2000,2000,880,880
33.797,560161849,19,1,1500,1353,1451,1500,2000,2000,1500,1500,999,999,2000,2000,880,880
33.837,560201818,19,1,1500,1353,1451,1500,2000,2000,1500,1500,999,999,2000,2000,880,880
33.876,560241483,19,1,1500,1343,1451,1500,2000,2000,1500,1500,999,999,2000,2000,880,880
33.916,560281511,19,1,1500,1336,1451,1500,2000,2000,1500,1500,999,999,2000,2000,880,880
33.956,560321466,19,1,1500,1335,1451,1500,2000,2000,1500,1500,999,999,2000,2000,880,880
33.996,560361571,19,1,1500,1333,1451,1500,2000,2000,1500,1500,999,999,2000,2000,880,880
34.036,560401476,19,1,1500,1310,1451,1500,2000,2000,1500,1500,999,999,2000,2000,880,880
34.076,560441658,19,1,1500,1293,1451,1500,2000,2000,1500,1500,999,999,2000,2000,880,880
34.116,560481443,19,1,1500,1293,1451,1500,2000,2000,1500,1500,999,999,2000,2000,880,880
34.156,560521448,19,1,1500,1293,1451,1500,2000,2000,1500,1500,999,999,2000,2000,880,880
34.196,560561583,19,1,1500,1290,1451,1500,2000,2000,1500,1500,999,999,2000,2000,880,880
34.236,560601492,19,1,1500,1290,1451,1500,2000,2000,1500,1500,999,999,2000,2000,880,880
34.276,560641468,19,1,1500,1283,1451,1500,2000,2000,1500,1500,999,999,2000,2000,880,880
34.317,560681919,19,1,1500,1275,1451,1500,2000,2000,1500,1500,999,999,2000,2000,880,880
34.357,560722521,19,1,1500,1275,1451,1500,2000,2000,1500,1500,999,999,2000,2000,880,880
34.396,560761782,19,1,1500,1283,1451,1500,2000,2000,1500,1500,999,999,2000,2000,880,880
34.436,560801624,19,1,1500,1281,1451,1500,2000,2000,1500,1500,999,999,2000,2000,880,880
34.476,560841610,19,1,1500,1280,1451,1500,2000,2000,1500,1500,999,999,2000,2000,880,880
34.516,560881409,19,1,1500,1278,1451,1500,2000,2000,1500,1500,999,999,2000,2000,880,880
34.556,560921425,19,1,1500,1270,1451,1500,2000,2000,1500,1500,999,999,2000,2000,880,880
34.596,560961574,19,1,1500,1273,1451,1500,2000,2000,1500,1500,999,999,2000,2000,880,880
34.636,561001408,19,1,1500,1280,1451,1500,2000,2000,1500,1500,999,999,2000,2000,880,880
34.676,561041412,19,1,1500,1286,1451,1500,2000,2000,1500,1500,999,999,2000,2000,880,880
34.716,561081425,19,1,1500,1288,1451,1500,2000,2000,1500,1500,999,999,2000,2000,880,880
34.757,561122521,19,1,1500,1301,1451,1500,2000,2000,1500,1500,999,999,2000,2000,880,880
34.797,561161965,19,1,1500,1316,1451,1500,2000,2000,1500,1500,999,999,2000,2000,880,880
34.837,561201851,19,1,1500,1338,1451,1500,2000,2000,1500,1500,999,999,2000,2000,880,880
34.876,561241584,19,1,1500,1368,1451,1500,2000,2000,1500,1500,999,999,2000,2000,880,880
34.916,561281616,19,1,1500,1393,1451,1500,2000,2000,1500,1500,999,999,2000,2000,880,880
34.956,561321361,19,1,1500,1409,1451,1500,2000,2000,1500,1500,999,999,2000,2000,880,880
34.996,561361507,19,1,1500,1426,1451,1500,2000,2000,1500,1500,999,999,2000,2000,880,880
35.037,561402493,19,1,1500,1458,1451,1500,2000,2000,1500,1500,999,999,2000,2000,880,880
35.076,561441607,19,1,1500,1474,1451,1500,2000,2000,1500,1500,999,999,2000,2000,880,880
35.116,561481597,19,1,1500,1481,1451,1500,2000,2000,1500,1500,999,999,2000,2000,880,880
35.156,561521664,19,1,1500,1490,1451,1500,2000,2000,1500,1500,999,999,2000,2000,880,880
35.197,561561952,19,1,1500,1496,1451,1500,2000,2000,1500,1500,999,999,2000,2000,880,880
35.236,561601609,19,1,1500,1500,1451,1500,2000,2000,1500,1500,999,999,2000,2000,880,880
35.276,561641367,19,1,1500,1500,1451,1500,2000,2000,1500,1500,999,999,2000,2000,880,880
35.316,561681541,19,1,1500,1500,1451,1500,2000,2000,1500,1500,999,999,2000,2000,880,880
35.356,561721602,19,1,1500,1500,1451,1500,2000,2000,1500,1500,999,999,2000,2000,880,880
35.396,561761669,19,1,1500,1500,1451,1500,2000,2000,1500,1500,999,999,2000,2000,880,880
35.437,561801825,19,1,1500,1500,1451,1500,2000,2000,1500,1500,999,999,2000,2000,880,880
35.476,561841341,19,1,1500,1500,1451,1500,2000,2000,1500,1500,999,999,2000,2000,880,880
35.516,561881344,19,1,1500,1500,1451,1500,2000,2000,1500,1500,999,999,2000,2000,880,880
35.556,561921269,19,1,1500,1500,1451,1500,2000,2000,1500,1500,999,999,2000,2000,880,880
35.596,561961478,19,1,1500,1500,1451,1500,2000,2000,1500,1500,999,999,2000,2000,880,880
35.636,562001236,19,1,1500,1500,1451,1500,2000,2000,1500,1500,999,999,2000,2000,880,880
35.676,562041677,19,1,1500,1500,1451,1500,2000,2000,1500,1500,999,999,2000,2000,880,880
35.716,562081327,19,1,1500,1500,1451,1500,2000,2000,1500,1500,999,999,2000,2000,880,880
35.756,562121306,19,1,1500,1500,1451,1500,2000,2000,1500,1500,999,999,2000,2000,880,880
35.796,562161383,19,1,1500,1500,1451,1500,2000,2000,1500,1500,999,999,2000,2000,880,880
35.837,562202412,19,1,1500,1500,1451,1500,2000,2000,1500,1500,999,999,2000,2000,880,880
35.876,562241670,19,1,1500,1500,1451,1500,2000,2000,1500,1500,999,999,2000,2000,880,880
35.916,562281545,19,1,1500,1500,1451,1500,2000,2000,1500,1500,999,999,2000,2000,880,880
35.956,562321571,19,1,1500,1500,1451,1500,2000,2000,1500,1500,999,999,2000,2000,880,880
35.996,562361615,19,1,1500,1500,1451,1500,2000,2000,1500,1500,999,999,2000,2000,880,880
36.037,562402369,19,1,1500,1500,1451,1500,2000,2000,1500,1500,999,999,2000,2000,880,880
36.076,562441270,19,1,1500,1500,1451,1500,2000,2000,1500,1500,999,999,2000,2000,880,880
36.116,562481300,19,1,1500,1500,1451,1500,2000,2000,1500,1500,999,999,2000,2000,880,880
36.156,562521239,19,1,1500,1500,1451,1500,2000,2000,1500,1500,999,999,2000,2000,880,880
36.196,562561426,19,1,1500,1500,1451,1500,2000,2000,1500,1500,999,999,2000,2000,880,880
36.236,562601216,19,1,1500,1500,1451,1500,2000,2000,1500,1500,999,999,2000,2000,880,880
36.276,562641271,19,1,1500,1500,1451,1500,2000,2000,1500,1500,999,999,2000,2000,880,880
36.316,562681309,19,1,1500,1500,1451,1500,2000,2000,1500,1500,999,999,2000,2000,880,880
36.357,562722321,19,1,1500,1500,1451,1500,2000,2000,1500,1500,999,999,2000,2000,880,880
36.397,562761807,19,1,1500,1500,1451,1500,2000,2000,1500,1500,999,999,2000,2000,880,880
36.436,562801511,19,1,1500,1500,1451,1500,2000,2000,1500,1500,999,999,2000,2000,880,880
36.476,562841468,19,1,1500,1500,1451,1500,2000,2000,1500,1500,999,999,2000,2000,880,880
36.516,562881493,19,1,1500,1500,1451,1500,2000,2000,1500,1500,999,999,2000,2000,880,880
36.556,562921222,19,1,1500,1500,1451,1500,2000,2000,1500,1500,999,999,2000,2000,880,880
36.596,562961614,19,1,1500,1500,1451,1500,2000,2000,1500,1500,999,999,2000,2000,880,880
36.637,563002283,19,1,1500,1500,1451,1500,2000,2000,1500,1500,999,999,2000,2000,880,880
36.676,563041506,19,1,1500,1500,1451,1500,2000,2000,1500,1500,999,999,2000,2000,880,880
36.716,563081233,19,1,1500,1500,1451,1500,2000,2000,1500,1500,999,999,2000,2000,880,880
36.756,563121177,19,1,1500,1500,1451,1500,2000,2000,1500,1500,999,999,2000,2000,880,880
36.796,563161311,19,1,1500,1500,1451,1500,2000,2000,1500,1500,999,999,2000,2000,880,880
36.836,563201197,19,1,1500,1500,1451,1500,2000,2000,1500,1500,999,999,2000,2000,880,880
36.876,563241194,19,1,1500,1500,1451,1500,2000,2000,1500,1500,999,999,2000,2000,880,880
36.916,563281206,19,1,1500,1500,1451,1500,2000,2000,1500,1500,999,999,2000,2000,880,880
36.957,563322324,19,1,1500,1500,1451,1500,2000,2000,1500,1500,999,999,2000,2000,880,880
36.996,563361447,19,1,1500,1500,1451,1500,2000,2000,1500,1500,999,999,2000,2000,880,880
37.036,563401345,19,1,1500,1500,1451,1500,2000,2000,1500,1500,999,999,2000,2000,880,880
37.076,563441388,19,1,1500,1500,1451,1500,2000,2000,1500,1500,999,999,2000,2000,880,880
37.116,563481416,19,1,1500,1500,1451,1500,2000,2000,1500,1500,999,999,2000,2000,880,880
37.156,563521472,19,1,1500,1500,1451,1500,2000,2000,1500,1500,999,999,2000,2000,880,880
37.196,563561552,19,1,1500,1500,1451,1500,2000,2000,1500,1500,999,999,2000,2000,880,880
37.236,563601478,19,1,1500,1500,1451,1500,2000,2000,1500,1500,999,999,2000,2000,880,880
37.276,563641585,19,1,1500,1500,1451,1500,2000,2000,1500,1500,999,999,2000,2000,880,880
37.316,563681391,19,1,1500,1500,1451,1500,2000,2000,1500,1500,999,999,2000,2000,880,880
37.356,563721411,19,1,1500,1500,1451,1500,2000,2000,1500,1500,999,999,2000,2000,880,880
37.396,563761305,19,1,1500,1500,1451,1500,2000,2000,1500,1500,999,999,2000,2000,880,880
37.437,563802269,19,1,1500,1500,1451,1500,2000,2000,1500,1500,999,999,2000,2000,880,880
37.476,563841355,19,1,1500,1500,1451,1500,2000,2000,1500,1500,999,999,2000,2000,880,880
37.516,563881146,19,1,1500,1500,1451,1500,2000,2000,1500,1500,999,999,2000,2000,880,880
37.556,563921425,19,1,1500,1500,1451,1500,2000,2000,1500,1500,999,999,2000,2000,880,880
37.596,563961288,19,1,1500,1500,1451,1500,2000,2000,1500,1500,999,999,2000,2000,880,880
37.636,564001101,19,1,1500,1500,1451,1500,2000,2000,1500,1500,999,999,2000,2000,880,880
37.676,564041184,19,1,1500,1500,1451,1500,2000,2000,1500,1500,999,999,2000,2000,880,880
37.716,564081344,19,1,1500,1500,1451,1500,2000,2000,1500,1500,999,999,2000,2000,880,880
37.756,564121093,19,1,1500,1500,1451,1500,2000,2000,1500,1500,999,999,2000,2000,880,880
37.796,564161210,19,1,1500,1500,1451,1500,2000,2000,1500,1500,999,999,2000,2000,880,880
37.836,564201097,19,1,1500,1500,1451,1500,2000,2000,1500,1500,999,999,2000,2000,880,880
37.876,564240997,19,1,1500,1500,1451,1500,2000,2000,1500,1500,999,999,2000,2000,880,880
37.916,564281120,19,1,1500,1500,1451,1500,2000,2000,1500,1500,999,999,2000,2000,880,880
37.956,564321358,19,1,1500,1500,1451,1500,2000,2000,1500,1500,999,999,2000,2000,880,880
37.996,564361377,19,1,1500,1500,1451,1500,2000,2000,1500,1500,999,999,2000,2000,880,880
38.036,564401505,19,1,1500,1500,1451,1500,2000,2000,1500,1500,999,999,2000,2000,880,880
38.076,564441313,19,1,1500,1500,1451,1500,2000,2000,1500,1500,999,999,2000,2000,880,880
38.116,564481327,19,1,1500,1500,1451,1500,2000,2000,1500,1500,999,999,2000,2000,880,880
38.156,564521061,19,1,1500,1500,1451,1500,2000,2000,1500,1500,999,999,2000,2000,880,880
38.196,564561199,19,1,1500,1500,1451,1500,2000,2000,1500,1500,999,999,2000,2000,880,880
38.236,564601013,19,1,1500,1500,1451,1500,2000,2000,1500,1500,999,999,2000,2000,880,880
38.276,564641313,19,1,1500,1500,1451,1500,2000,2000,1500,1500,999,999,2000,2000,880,880
38.316,564681475,19,1,1500,1500,1451,1500,2000,2000,1500,1500,999,999,2000,2000,880,880
38.356,564721376,19,1,1500,1500,1451,1500,2000,2000,1500,1500,999,999,2000,2000,880,880
38.396,564761185,19,1,1500,1500,1451,1500,2000,2000,1500,1500,999,999,2000,2000,880,880
38.436,564801010,19,1,1500,1500,1451,1500,2000,2000,1500,1500,999,999,2000,2000,880,880
38.476,564841283,19,1,1500,1500,1451,1500,2000,2000,1500,1500,999,999,2000,2000,880,880
38.516,564881130,19,1,1500,1500,1451,1500,2000,2000,1500,1500,999,999,2000,2000,880,880
38.556,564921020,19,1,1500,1500,1451,1500,2000,2000,1500,1500,999,999,2000,2000,880,880
38.596,564961192,19,1,1500,1500,1451,1500,2000,2000,1500,1500,999,999,2000,2000,880,880
38.636,565000998,19,1,1500,1500,1451,1500,2000,2000,1500,1500,999,999,2000,2000,880,880
38.676,565041089,19,1,1500,1500,1451,1500,2000,2000,1500,1500,999,999,2000,2000,880,880
38.716,565081031,19,1,1500,1500,1451,1500,2000,2000,1500,1500,999,999,2000,2000,880,880
38.756,565121018,19,1,1500,1500,1451,1500,2000,2000,1500,1500,999,999,2000,2000,880,880
38.796,565161109,19,1,1500,1500,1451,1500,2000,2000,1500,1500,999,999,2000,2000,880,880
38.836,565201273,19,1,1500,1500,1451,1500,2000,2000,1500,1500,999,999,2000,2000,880,880
38.876,565241577,19,1,1500,1500,1451,1500,2000,2000,1500,1500,999,999,2000,2000,880,880
38.916,565281194,19,1,1500,1500,1451,1500,2000,2000,1500,1500,999,999,2000,2000,880,880
38.957,565322473,19,1,1500,1500,1451,1500,2000,2000,1500,1500,999,999,2000,2000,880,880
38.996,565361341,19,1,1500,1500,1451,1500,2000,2000,1500,1500,999,999,2000,2000,880,880
39.036,565400964,19,1,1500,1500,1451,1500,2000,2000,1500,1500,999,999,2000,2000,880,880
39.076,565440975,19,1,1500,1500,1451,1500,2000,2000,1500,1500,999,999,2000,2000,880,880
39.116,565480996,19,1,1500,1500,1451,1500,2000,2000,1500,1500,999,999,2000,2000,880,880
39.156,565521261,19,1,1500,1500,1451,1500,2000,2000,1500,1500,999,999,2000,2000,880,880
39.196,565561321,19,1,1500,1500,1451,1500,2000,2000,1500,1500,999,999,2000,2000,880,880
39.236,565600948,19,1,1500,1500,1451,1500,2000,2000,1500,1500,999,999,2000,2000,880,880
39.276,565640955,19,1,1500,1500,1451,1500,2000,2000,1500,1500,999,999,2000,2000,880,880
39.316,565681142,19,1,1500,1500,1451,1500,2000,2000,1500,1500,999,999,2000,2000,880,880
39.357,565722049,19,1,1500,1500,1451,1500,2000,2000,1500,1500,999,999,2000,2000,880,880
39.396,565761229,19,1,1500,1500,1451,1500,2000,2000,1500,1500,999,999,2000,2000,880,880
39.436,565801419,19,1,1500,1500,1451,1500,2000,2000,1500,1500,999,999,2000,2000,880,880
39.476,565840912,19,1,1500,1500,1451,1500,2000,2000,1500,1500,999,999,2000,2000,880,880
39.516,565880910,19,1,1500,1500,1451,1500,2000,2000,1500,1500,999,999,2000,2000,880,880
39.556,565920847,19,1,1500,1500,1451,1500,2000,2000,1500,1500,999,999,2000,2000,880,880
39.596,565961297,19,1,1500,1500,1451,1500,2000,2000,1500,1500,999,999,2000,2000,880,880
39.636,566001088,19,1,1500,1500,1451,1500,2000,2000,1500,1500,999,999,2000,2000,880,880
39.676,566040915,19,1,1500,1500,1451,1500,2000,2000,1500,1500,999,999,2000,2000,880,880
39.716,566080914,19,1,1500,1500,1451,1500,2000,2000,1500,1500,999,999,2000,2000,880,880
39.756,566120901,19,1,1500,1500,1451,1500,2000,2000,1500,1500,999,999,2000,2000,880,880
39.796,566161206,19,1,1500,1500,1451,1500,2000,2000,1500,1500,999,999,2000,2000,880,880
39.836,566201172,19,1,1500,1500,1451,1500,2000,2000,1500,1500,999,999,2000,2000,880,880
39.876,566241082,19,1,1500,1500,1451,1500,2000,2000,1500,1500,999,999,2000,2000,880,880
39.916,566280800,19,1,1500,1500,1451,1500,2000,2000,1500,1500,999,999,2000,2000,880,880
39.956,566320875,19,1,1500,1500,1451,1500,2000,2000,1500,1500,999,999,2000,2000,880,880
39.996,566361236,19,1,1500,1500,1451,1500,2000,2000,1500,1500,999,999,2000,2000,880,880
40.036,566401094,19,1,1500,1500,1451,1500,2000,2000,1500,1500,999,999,2000,2000,880,880
40.076,566441310,19,1,1500,1500,1451,1500,2000,2000,1500,1500,999,999,2000,2000,880,880
40.116,566481304,19,1,1500,1500,1451,1500,2000,2000,1500,1500,999,999,2000,2000,880,880
40.157,566521954,19,1,1500,1500,1451,1500,2000,2000,1500,1500,999,999,2000,2000,880,880
40.196,566560988,19,1,1500,1500,1451,1500,2000,2000,1500,1500,999,999,2000,2000,880,880
40.236,566600850,19,1,1500,1500,1451,1500,2000,2000,1500,1500,999,999,2000,2000,880,880
40.276,566640865,19,1,1500,1500,1451,1500,2000,2000,1500,1500,999,999,2000,2000,880,880
40.316,566680890,19,1,1500,1500,1451,1500,2000,2000,1500,1500,999,999,2000,2000,880,880
40.356,566721467,19,1,1500,1500,1451,1500,2000,2000,1500,1500,999,999,2000,2000,880,880
40.396,566760900,19,1,1500,1500,1451,1500,2000,2000,1500,1500,999,999,2000,2000,880,880
40.436,566800836,19,1,1500,1500,1451,1500,2000,2000,1500,1500,999,999,2000,2000,880,880
40.475,566840765,19,1,1500,1500,1451,1500,2000,2000,1500,1500,999,999,2000,2000,880,880
40.516,566880840,19,1,1500,1500,1451,1500,2000,2000,1500,1500,999,999,2000,2000,880,880
40.556,566921081,19,1,1500,1500,1451,1500,2000,2000,1500,1500,999,999,2000,2000,880,880
40.596,566961172,19,1,1500,1500,1451,1500,2000,2000,1500,1500,999,999,2000,2000,880,880
40.636,567001013,19,1,1500,1500,1451,1500,2000,2000,1500,1500,999,999,2000,2000,880,880
40.676,567040873,19,1,1500,1500,1451,1500,2000,2000,1500,1500,999,999,2000,2000,880,880
40.716,567080810,19,1,1500,1500,1451,1500,2000,2000,1500,1500,999,999,2000,2000,880,880
40.756,567120822,19,1,1500,1500,1451,1500,2000,2000,1500,1500,999,999,2000,2000,880,880
40.796,567161179,19,1,1500,1500,1451,1500,2000,2000,1500,1500,999,999,2000,2000,880,880
40.836,567200803,19,1,1500,1500,1451,1500,2000,2000,1500,1500,999,999,2000,2000,880,880
40.875,567240767,19,1,1500,1500,1451,1500,2000,2000,1500,1500,999,999,2000,2000,880,880
40.915,567280781,19,1,1500,1500,1451,1500,2000,2000,1500,1500,999,999,2000,2000,880,880
40.956,567320812,19,1,1500,1500,1451,1500,2000,2000,1500,1500,999,999,2000,2000,880,880
40.996,567360864,19,1,1500,1500,1451,1500,2000,2000,1500,1500,999,999,2000,2000,880,880
41.035,567400760,19,1,1500,1500,1451,1500,2000,2000,1500,1500,999,999,2000,2000,880,880
41.076,567440949,19,1,1500,1500,1451,1500,2000,2000,1500,1500,999,999,2000,2000,880,880
41.115,567480666,19,1,1500,1500,1451,1500,2000,2000,1500,1500,999,999,2000,2000,880,880
41.155,567520740,19,1,1500,1500,1451,1500,2000,2000,1500,1500,999,999,2000,2000,880,880
41.196,567560999,19,1,1500,1500,1451,1500,2000,2000,1500,1500,999,999,2000,2000,880,880
41.235,567600752,19,1,1500,1500,1451,1500,2000,2000,1500,1500,999,999,2000,2000,880,880
41.275,567640784,19,1,1500,1500,1451,1500,2000,2000,1500,1500,999,999,2000,2000,880,880
41.316,567681220,19,1,1500,1500,1451,1500,2000,2000,1500,1500,999,999,2000,2000,880,880
41.356,567721010,19,1,1500,1500,1451,1500,2000,2000,1500,1500,999,999,2000,2000,880,880
41.396,567761364,19,1,1500,1500,1451,1500,2000,2000,1500,1500,999,999,2000,2000,880,880
41.436,567801271,19,1,1500,1500,1451,1500,2000,2000,1500,1500,999,999,2000,2000,880,880
41.476,567840970,19,1,1500,1500,1451,1500,2000,2000,1500,1500,999,999,2000,2000,880,880
41.516,567880990,19,1,1500,1500,1451,1500,2000,2000,1500,1500,999,999,2000,2000,880,880
41.555,567920685,19,1,1500,1500,1451,1500,2000,2000,1500,1500,999,999,2000,2000,880,880
41.596,567960895,19,1,1500,1500,1451,1500,2000,2000,1500,1500,999,999,2000,2000,880,880
41.635,568000720,19,1,1500,1500,1451,1500,2000,2000,1500,1500,999,999,2000,2000,880,880
41.676,568041051,19,1,1500,1500,1451,1500,2000,2000,1500,1500,999,999,2000,2000,880,880
41.716,568080901,19,1,1500,1500,1451,1500,2000,2000,1500,1500,999,999,2000,2000,880,880
41.756,568120963,19,1,1500,1500,1451,1500,2000,2000,1500,1500,999,999,2000,2000,880,880
41.795,568160787,19,1,1500,1500,1451,1500,2000,2000,1500,1500,999,999,2000,2000,880,880
41.835,568200591,19,1,1500,1500,1451,1500,2000,2000,1500,1500,999,999,2000,2000,880,880
41.875,568240647,19,1,1500,1500,1451,1500,2000,2000,1500,1500,999,999,2000,2000,880,880
41.915,568280657,19,1,1500,1500,1451,1500,2000,2000,1500,1500,999,999,2000,2000,880,880
41.955,568320699,19,1,1500,1500,1451,1500,2000,2000,1500,1500,999,999,2000,2000,880,880
41.996,568361038,19,1,1500,1500,1451,1500,2000,2000,1500,1500,999,999,2000,2000,880,880
42.035,568400658,19,1,1500,1500,1451,1500,2000,2000,1500,1500,999,999,2000,2000,880,880
42.075,568440642,19,1,1500,1500,1451,1500,2000,2000,1500,1500,999,999,2000,2000,880,880
42.116,568481136,19,1,1500,1500,1451,1500,2000,2000,1500,1500,999,999,2000,2000,880,880
42.157,568521917,19,1,1500,1500,1451,1500,2000,2000,1500,1500,999,999,2000,2000,880,880
42.196,568561121,19,1,1500,1500,1451,1500,2000,2000,1500,1500,999,999,2000,2000,880,880
42.236,568600864,19,1,1500,1500,1451,1500,2000,2000,1500,1500,999,999,2000,2000,880,880
42.276,568640842,19,1,1500,1500,1451,1500,2000,2000,1500,1500,999,999,2000,2000,880,880
42.315,568680559,19,1,1500,1500,1451,1500,2000,2000,1500,1500,999,999,2000,2000,880,880
42.355,568720627,19,1,1500,1500,1451,1500,2000,2000,1500,1500,999,999,2000,2000,880,880
42.396,568760838,19,1,1500,1500,1451,1500,2000,2000,1500,1500,999,999,2000,2000,880,880
42.436,568801746,19,1,1500,1500,1451,1500,2000,2000,1500,1500,999,999,2000,2000,880,880
42.475,568840636,19,1,1500,1500,1451,1500,2000,2000,1500,1500,999,999,2000,2000,880,880
42.515,568880685,19,1,1500,1500,1451,1500,2000,2000,1500,1500,999,999,2000,2000,880,880
42.555,568920586,19,1,1500,1500,1451,1500,2000,2000,1500,1500,999,999,2000,2000,880,880
42.595,568960748,19,1,1500,1500,1451,1500,2000,2000,1500,1500,999,999,2000,2000,880,880
42.635,569000604,19,1,1500,1500,1451,1500,2000,2000,1500,1500,999,999,2000,2000,880,880
42.676,569040828,19,1,1500,1500,1451,1500,2000,2000,1500,1500,999,999,2000,2000,880,880
42.716,569080800,19,1,1500,1500,1451,1500,2000,2000,1500,1500,999,999,2000,2000,880,880
42.755,569120579,19,1,1500,1500,1451,1500,2000,2000,1500,1500,999,999,2000,2000,880,880
42.795,569160713,19,1,1500,1500,1451,1500,2000,2000,1500,1500,999,999,2000,2000,880,880
42.835,569200592,19,1,1500,1500,1451,1500,2000,2000,1500,1500,999,999,2000,2000,880,880
42.875,569240768,19,1,1500,1500,1451,1500,2000,2000,1500,1500,999,999,2000,2000,880,880
42.916,569280800,19,1,1500,1500,1451,1500,2000,2000,1500,1500,999,999,2000,2000,880,880
42.956,569320842,19,1,1500,1500,1451,1500,2000,2000,1500,1500,999,999,2000,2000,880,880
42.995,569360731,19,1,1500,1500,1451,1500,2000,2000,1500,1500,999,999,2000,2000,880,880
43.036,569400867,19,1,1500,1500,1451,1500,2000,2000,1500,1500,999,999,2000,2000,880,880
43.076,569440815,19,1,1500,1500,1451,1500,2000,2000,1500,1500,999,999,2000,2000,880,880
43.116,569480793,19,1,1500,1500,1451,1500,2000,2000,1500,1500,999,999,2000,2000,880,880
43.156,569520855,19,1,1500,1500,1451,1500,2000,2000,1500,1500,999,999,2000,2000,880,880
43.195,569560704,19,1,1500,1500,1451,1500,2000,2000,1500,1500,999,999,2000,2000,880,880
43.236,569601666,19,1,1500,1500,1451,1500,2000,2000,1500,1500,999,999,2000,2000,880,880
43.275,569640454,19,1,1500,1500,1451,1500,2000,2000,1500,1500,999,999,2000,2000,880,880
43.315,569680521,19,1,1500,1500,1451,1500,2000,2000,1500,1500,999,999,2000,2000,880,880
43.355,569720518,19,1,1500,1500,1451,1500,2000,2000,1500,1500,999,999,2000,2000,880,880
43.395,569760633,19,1,1500,1500,1451,1500,2000,2000,1500,1500,999,999,2000,2000,880,880
43.436,569801628,19,1,1500,1500,1451,1500,2000,2000,1500,1500,999,999,2000,2000,880,880
43.475,569840756,19,1,1500,1500,1451,1500,2000,2000,1500,1500,999,999,2000,2000,880,880
43.515,569880720,19,1,1500,1500,1451,1500,2000,2000,1500,1500,999,999,2000,2000,880,880
43.555,569920534,19,1,1500,1500,1451,1500,2000,2000,1500,1500,999,999,2000,2000,880,880
43.595,569960723,19,1,1500,1500,1451,1500,2000,2000,1500,1500,999,999,2000,2000,880,880
43.635,570000772,19,1,1500,1500,1451,1500,2000,2000,1500,1500,999,999,2000,2000,880,880
43.676,570040974,19,1,1500,1500,1451,1500,2000,2000,1500,1500,999,999,2000,2000,880,880
43.715,570080501,19,1,1500,1500,1451,1500,2000,2000,1500,1500,999,999,2000,2000,880,880
43.755,570120501,19,1,1500,1500,1451,1500,2000,2000,1500,1500,999,999,2000,2000,880,880
43.796,570160854,19,1,1500,1500,1451,1500,2000,2000,1500,1500,999,999,2000,2000,880,880
43.835,570200669,19,1,1500,1500,1451,1500,2000,2000,1500,1500,999,999,2000,2000,880,880
43.876,570240883,19,1,1500,1500,1451,1500,2000,2000,1500,1500,999,999,2000,2000,880,880
43.915,570280672,19,1,1500,1500,1451,1500,2000,2000,1500,1500,999,999,2000,2000,880,880
43.955,570320786,19,1,1500,1500,1451,1500,2000,2000,1500,1500,999,999,2000,2000,880,880
43.995,570360585,19,1,1500,1500,1451,1500,2000,2000,1500,1500,999,999,2000,2000,880,880
44.036,570401561,19,1,1500,1500,1451,1500,2000,2000,1500,1500,999,999,2000,2000,880,880
44.075,570440706,19,1,1500,1500,1451,1500,2000,2000,1500,1500,999,999,2000,2000,880,880
44.115,570480729,19,1,1500,1500,1451,1500,2000,2000,1500,1500,999,999,2000,2000,880,880
44.156,570520833,19,1,1500,1500,1451,1500,2000,2000,1500,1500,999,999,2000,2000,880,880
44.196,570561024,19,1,1500,1500,1451,1500,2000,2000,1500,1500,999,999,2000,2000,880,880
44.235,570600408,19,1,1500,1500,1451,1500,2000,2000,1500,1500,999,999,2000,2000,880,880
44.275,570640613,19,1,1500,1500,1451,1500,2000,2000,1500,1500,999,999,2000,2000,880,880
44.315,570680467,19,1,1500,1500,1451,1500,2000,2000,1500,1500,999,999,2000,2000,880,880
44.355,570720430,19,1,1500,1500,1451,1505,2000,2000,1500,1500,999,999,2000,2000,880,880
44.395,570760581,19,1,1500,1500,1451,1518,2000,2000,1500,1500,999,999,2000,2000,880,880
44.435,570800411,19,1,1500,1500,1451,1532,2000,2000,1500,1500,999,999,2000,2000,880,880
44.475,570840610,19,1,1500,1500,1451,1540,2000,2000,1500,1500,999,999,2000,2000,880,880
44.515,570880618,19,1,1500,1500,1444,1555,2000,2000,1500,1500,999,999,2000,2000,880,880
44.556,570921513,19,1,1500,1500,1444,1557,2000,2000,1500,1500,999,999,2000,2000,880,880
44.596,570960840,19,1,1500,1500,1443,1571,2000,2000,1500,1500,999,999,2000,2000,880,880
44.635,571000349,19,1,1500,1500,1441,1585,2000,2000,1500,1500,999,999,2000,2000,880,880
44.676,571041162,19,1,1500,1500,1439,1592,2000,2000,1500,1500,999,999,2000,2000,880,880
44.715,571080664,19,1,1500,1500,1436,1600,2000,2000,1500,1500,999,999,2000,2000,880,880
44.755,571120381,19,1,1500,1500,1436,1600,2000,2000,1500,1500,999,999,2000,2000,880,880
44.795,571160512,19,1,1500,1500,1435,1600,2000,2000,1500,1500,999,999,2000,2000,880,880
44.835,571200401,19,1,1500,1500,1426,1608,2000,2000,1500,1500,999,999,2000,2000,880,880
44.875,571240370,19,1,1500,1500,1426,1601,2000,2000,1500,1500,999,999,2000,2000,880,880
44.915,571280557,19,1,1500,1500,1426,1553,2000,2000,1500,1500,999,999,2000,2000,880,880
44.955,571320636,19,1,1500,1500,1426,1545,2000,2000,1500,1500,999,999,2000,2000,880,880
44.995,571360713,19,1,1500,1500,1426,1537,2000,2000,1500,1500,999,999,2000,2000,880,880
45.035,571400559,19,1,1500,1500,1426,1522,2000,2000,1500,1500,999,999,2000,2000,880,880
45.076,571440990,19,1,1500,1500,1425,1522,2000,2000,1500,1500,999,999,2000,2000,880,880
45.115,571480591,19,1,1500,1500,1425,1517,2000,2000,1500,1500,999,999,2000,2000,880,880
45.155,571520659,19,1,1500,1500,1425,1502,2000,2000,1500,1500,999,999,2000,2000,880,880
45.195,571560443,19,1,1500,1500,1425,1500,2000,2000,1500,1500,999,999,2000,2000,880,880
45.235,571600318,19,1,1500,1500,1425,1500,2000,2000,1500,1500,999,999,2000,2000,880,880
45.275,571640591,19,1,1500,1500,1425,1500,2000,2000,1500,1500,999,999,2000,2000,880,880
45.315,571680520,19,1,1500,1500,1425,1500,2000,2000,1500,1500,999,999,2000,2000,880,880
45.356,571721422,19,1,1500,1500,1425,1500,2000,2000,1500,1500,999,999,2000,2000,880,880
45.395,571760643,19,1,1500,1500,1425,1500,2000,2000,1500,1500,999,999,2000,2000,880,880
45.435,571800604,19,1,1500,1500,1425,1500,2000,2000,1500,1500,999,999,2000,2000,880,880
45.475,571840286,19,1,1500,1500,1425,1500,2000,2000,1500,1500,999,999,2000,2000,880,880
45.515,571880598,19,1,1500,1500,1425,1500,2000,2000,1500,1500,999,999,2000,2000,880,880
45.555,571920302,19,1,1500,1500,1425,1500,2000,2000,1500,1500,999,999,2000,2000,880,880
45.595,571960545,19,1,1500,1500,1425,1500,2000,2000,1500,1500,999,999,2000,2000,880,880
45.636,572001380,19,1,1500,1500,1425,1500,2000,2000,1500,1500,999,999,2000,2000,880,880
45.675,572040283,19,1,1500,1500,1425,1500,2000,2000,1500,1500,999,999,2000,2000,880,880
45.715,572080249,19,1,1500,1500,1425,1500,2000,2000,1500,1500,999,999,2000,2000,880,880
45.755,572120554,19,1,1500,1500,1425,1500,2000,2000,1500,1500,999,999,2000,2000,880,880
45.795,572160707,19,1,1500,1500,1425,1500,2000,2000,1500,1500,999,999,2000,2000,880,880
45.835,572200503,19,1,1500,1500,1425,1500,2000,2000,1500,1500,999,999,2000,2000,880,880
45.875,572240463,19,1,1500,1500,1425,1500,2000,2000,1500,1500,999,999,2000,2000,880,880
45.915,572280476,19,1,1500,1500,1425,1500,2000,2000,1500,1500,999,999,2000,2000,880,880
45.956,572321364,19,1,1500,1500,1425,1500,2000,2000,1500,1500,999,999,2000,2000,880,880
45.995,572360632,19,1,1500,1500,1425,1500,2000,2000,1500,1500,999,999,2000,2000,880,880
46.035,572400650,19,1,1500,1500,1425,1500,2000,2000,1500,1500,999,999,2000,2000,880,880
46.075,572440527,19,1,1500,1500,1425,1500,2000,2000,1500,1500,999,999,2000,2000,880,880
46.115,572480281,19,1,1500,1500,1425,1500,2000,2000,1500,1500,999,999,2000,2000,880,880
46.155,572520569,19,1,1500,1500,1425,1500,2000,2000,1500,1500,999,999,2000,2000,880,880
46.195,572560407,19,1,1500,1500,1425,1500,2000,2000,1500,1500,999,999,2000,2000,880,880
46.235,572600268,19,1,1500,1500,1425,1500,2000,2000,1500,1500,999,999,2000,2000,880,880
46.275,572640217,19,1,1500,1500,1425,1500,2000,2000,1500,1500,999,999,2000,2000,880,880
46.315,572680220,19,1,1500,1500,1425,1500,2000,2000,1500,1500,999,999,2000,2000,880,880
46.355,572720216,19,1,1500,1500,1425,1500,2000,2000,1500,1500,999,999,2000,2000,880,880
46.395,572760343,19,1,1500,1500,1425,1500,2000,2000,1500,1500,999,999,2000,2000,880,880
46.435,572800432,19,1,1500,1500,1425,1500,2000,2000,1500,1500,999,999,2000,2000,880,880
46.476,572840830,19,1,1500,1500,1425,1500,2000,2000,1500,1500,999,999,2000,2000,880,880
46.515,572880430,19,1,1500,1500,1425,1500,2000,2000,1500,1500,999,999,2000,2000,880,880
46.555,572920574,19,1,1500,1500,1425,1500,2000,2000,1500,1500,999,999,2000,2000,880,880
46.595,572960659,19,1,1500,1500,1425,1500,2000,2000,1500,1500,999,999,2000,2000,880,880
46.635,573000439,19,1,1500,1500,1424,1500,2000,2000,1500,1500,999,999,2000,2000,880,880
46.675,573040190,19,1,1500,1500,1424,1500,2000,2000,1500,1500,999,999,2000,2000,880,880
46.715,573080191,19,1,1500,1500,1425,1500,2000,2000,1500,1500,999,999,2000,2000,880,880
46.755,573120232,19,1,1500,1500,1425,1500,2000,2000,1500,1500,999,999,2000,2000,880,880
46.795,573160621,19,1,1500,1500,1425,1500,2000,2000,1500,1500,999,999,2000,2000,880,880
46.835,573200527,19,1,1500,1500,1425,1500,2000,2000,1500,1500,999,999,2000,2000,880,880
46.875,573240130,19,1,1500,1500,1425,1500,2000,2000,1500,1500,999,999,2000,2000,880,880
46.915,573280380,19,1,1500,1500,1425,1500,2000,2000,1500,1500,999,999,2000,2000,880,880
46.955,573320445,19,1,1500,1500,1425,1500,2000,2000,1500,1500,999,999,2000,2000,880,880
46.995,573360487,19,1,1500,1500,1425,1500,2000,2000,1500,1500,999,999,2000,2000,880,880
47.035,573400419,19,1,1500,1500,1425,1500,2000,2000,1500,1500,999,999,2000,2000,880,880
47.075,573440394,19,1,1500,1500,1425,1500,2000,2000,1500,1500,999,999,2000,2000,880,880
47.115,573480408,19,1,1500,1500,1425,1500,2000,2000,1500,1500,999,999,2000,2000,880,880
47.156,573520790,19,1,1500,1500,1425,1500,2000,2000,1500,1500,999,999,2000,2000,880,880
47.195,573560307,19,1,1500,1500,1425,1500,2000,2000,1500,1500,999,999,2000,2000,880,880
47.235,573600166,19,1,1500,1500,1425,1500,2000,2000,1500,1500,999,999,2000,2000,880,880
47.275,573640144,19,1,1500,1500,1424,1500,2000,2000,1500,1500,999,999,2000,2000,880,880
47.315,573680568,19,1,1500,1500,1424,1500,2000,2000,1500,1500,999,999,2000,2000,880,880
47.355,573720407,19,1,1500,1500,1425,1500,2000,2000,1500,1500,999,999,2000,2000,880,880
47.395,573760247,19,1,1500,1500,1425,1500,2000,2000,1500,1500,999,999,2000,2000,880,880
47.435,573800137,19,1,1500,1500,1425,1500,2000,2000,1500,1500,999,999,2000,2000,880,880
47.475,573840355,19,1,1500,1500,1425,1500,2000,2000,1500,1500,999,999,2000,2000,880,880
47.515,573880086,19,1,1500,1500,1425,1500,2000,2000,1500,1500,999,999,2000,2000,880,880
47.555,573920114,19,1,1500,1500,1425,1500,2000,2000,1500,1500,999,999,2000,2000,880,880
47.595,573960273,19,1,1500,1500,1425,1500,2000,2000,1500,1500,999,999,2000,2000,880,880
47.635,574000050,19,1,1500,1500,1425,1500,2000,2000,1500,1500,999,999,2000,2000,880,880
47.675,574040579,19,1,1500,1500,1425,1500,2000,2000,1500,1500,999,999,2000,2000,880,880
47.715,574080296,19,1,1500,1500,1425,1500,2000,2000,1500,1500,999,999,2000,2000,880,880
47.755,574120099,19,1,1500,1500,1425,1500,2000,2000,1500,1500,999,999,2000,2000,880,880
47.795,574160196,19,1,1500,1500,1425,1500,2000,2000,1500,1500,999,999,2000,2000,880,880
47.835,574200350,19,1,1500,1500,1425,1500,2000,2000,1500,1500,999,999,2000,2000,880,880
47.875,574240435,19,1,1500,1500,1425,1500,2000,2000,1500,1500,999,999,2000,2000,880,880
47.915,574280449,19,1,1500,1500,1425,1500,2000,2000,1500,1500,999,999,2000,2000,880,880
47.956,574320819,19,1,1500,1500,1425,1500,2000,2000,1500,1500,999,999,2000,2000,880,880
47.995,574360382,19,1,1500,1500,1425,1500,2000,2000,1500,1500,999,999,2000,2000,880,880
48.035,574400079,19,1,1500,1500,1425,1500,2000,2000,1500,1500,999,999,2000,2000,880,880
48.075,574440053,19,1,1500,1500,1425,1500,2000,2000,1500,1500,999,999,2000,2000,880,880
48.115,574480297,19,1,1500,1500,1424,1500,2000,2000,1500,1500,999,999,2000,2000,880,880
48.155,574520038,19,1,1500,1500,1425,1500,2000,2000,1500,1500,999,999,2000,2000,880,880
48.195,574560185,19,1,1500,1500,1425,1500,2000,2000,1500,1500,999,999,2000,2000,880,880
48.235,574600033,19,1,1500,1500,1424,1500,2000,2000,1500,1500,999,999,2000,2000,880,880
48.275,574640058,19,1,1500,1500,1424,1500,2000,2000,1500,1500,999,999,2000,2000,880,880
48.315,574680281,19,1,1500,1500,1425,1500,2000,2000,1500,1500,999,999,2000,2000,880,880
48.355,574720662,19,1,1500,1500,1424,1500,2000,2000,1500,1500,999,999,2000,2000,880,880
48.395,574760388,19,1,1500,1500,1425,1500,2000,2000,1500,1500,999,999,2000,2000,880,880
48.435,574800248,19,1,1500,1500,1425,1500,2000,2000,1500,1500,999,999,2000,2000,880,880
48.475,574840248,19,1,1500,1500,1425,1500,2000,2000,1500,1500,999,999,2000,2000,880,880
48.515,574880308,19,1,1500,1500,1425,1500,2000,2000,1500,1500,999,999,2000,2000,880,880
48.555,574919988,19,1,1500,1500,1425,1500,2000,2000,1500,1500,999,999,2000,2000,880,880
48.595,574960443,19,1,1500,1500,1425,1500,2000,2000,1500,1500,999,999,2000,2000,880,880
48.635,575000368,19,1,1500,1500,1425,1500,2000,2000,1500,1500,999,999,2000,2000,880,880
48.675,575040431,19,1,1500,1500,1424,1500,2000,2000,1500,1500,999,999,2000,2000,880,880
48.715,575079969,19,1,1500,1500,1424,1500,2000,2000,1500,1500,999,999,2000,2000,880,880
48.755,575120003,19,1,1500,1500,1425,1500,2000,2000,1500,1500,999,999,2000,2000,880,880
48.795,575160164,19,1,1500,1500,1425,1500,2000,2000,1500,1500,999,999,2000,2000,880,880
48.836,575201106,19,1,1500,1500,1425,1500,2000,2000,1500,1500,999,999,2000,2000,880,880
48.875,575240363,19,1,1500,1500,1424,1500,2000,2000,1500,1500,999,999,2000,2000,880,880
48.915,575280191,19,1,1500,1500,1424,1500,2000,2000,1500,1500,999,999,2000,2000,880,880
48.955,575319965,19,1,1500,1500,1424,1500,2000,2000,1500,1500,999,999,2000,2000,880,880
48.995,575360132,19,1,1500,1500,1424,1500,2000,2000,1500,1500,999,999,2000,2000,880,880
49.035,575399977,19,1,1500,1500,1424,1500,2000,2000,1500,1500,999,999,2000,2000,880,880
49.075,575440170,19,1,1500,1500,1424,1500,2000,2000,1500,1500,999,999,2000,2000,880,880
49.115,575480126,19,1,1500,1500,1424,1500,2000,2000,1500,1500,999,999,2000,2000,880,880
49.155,575520679,19,1,1500,1500,1424,1500,2000,2000,1500,1500,999,999,2000,2000,880,880
49.195,575560104,19,1,1500,1500,1424,1500,2000,2000,1500,1500,999,999,2000,2000,880,880
49.235,575600216,19,1,1500,1500,1424,1500,2000,2000,1500,1500,999,999,2000,2000,880,880
49.275,575639827,19,1,1500,1500,1425,1500,2000,2000,1500,1500,999,999,2000,2000,880,880
49.315,575680144,19,1,1500,1500,1425,1500,2000,2000,1500,1500,999,999,2000,2000,880,880
49.355,575719845,19,1,1500,1500,1425,1500,2000,2000,1500,1500,999,999,2000,2000,880,880
49.395,575760089,19,1,1500,1500,1425,1500,2000,2000,1500,1500,999,999,2000,2000,880,880
49.436,575801144,19,1,1500,1500,1431,1500,2000,2000,1500,1500,999,999,2000,2000,880,880
49.475,575839867,19,1,1500,1500,1434,1500,2000,2000,1500,1500,999,999,2000,2000,880,880
49.515,575879912,19,1,1500,1500,1446,1500,2000,2000,1500,1500,999,999,2000,2000,880,880
49.555,575920564,19,1,1500,1500,1461,1500,2000,2000,1500,1500,999,999,2000,2000,880,880
49.595,575960068,19,1,1500,1500,1469,1500,2000,2000,1500,1500,999,999,2000,2000,880,880
49.635,575999898,19,1,1500,1500,1469,1500,2000,2000,1500,1500,999,999,2000,2000,880,880
49.675,576040639,19,1,1500,1500,1470,1500,2000,2000,1500,1500,999,999,2000,2000,880,880
49.715,576080083,19,1,1500,1500,1476,1500,2000,2000,1500,1500,999,999,2000,2000,880,880
49.755,576120564,19,1,1500,1500,1485,1500,2000,2000,1500,1500,999,999,2000,2000,880,880
49.795,576160251,19,1,1500,1500,1494,1500,2000,2000,1500,1500,999,999,2000,2000,880,880
49.835,576199893,19,1,1500,1500,1511,1500,2000,2000,1500,1500,999,999,2000,2000,880,880
49.875,576239907,19,1,1500,1500,1511,1500,2000,2000,1500,1500,999,999,2000,2000,880,880
49.915,576279875,19,1,1500,1500,1511,1500,2000,2000,1500,1500,999,999,2000,2000,880,880
49.955,576320489,19,1,1500,1500,1519,1500,2000,2000,1500,1500,999,999,2000,2000,880,880
49.995,576360229,19,1,1500,1500,1519,1500,2000,2000,1500,1500,999,999,2000,2000,880,880
50.035,576399831,19,1,1500,1500,1520,1500,2000,2000,1500,1500,999,999,2000,2000,880,880
50.075,576440081,19,1,1500,1500,1528,1500,2000,2000,1500,1500,999,999,2000,2000,880,880
50.115,576479812,19,1,1500,1500,1544,1500,2000,2000,1500,1500,999,999,2000,2000,880,880
50.155,576519838,19,1,1500,1500,1544,1500,2000,2000,1500,1500,999,999,2000,2000,880,880
50.195,576559994,19,1,1500,1500,1545,1500,2000,2000,1500,1500,999,999,2000,2000,880,880
50.235,576600133,19,1,1500,1500,1561,1500,2000,2000,1500,1500,999,999,2000,2000,880,880
50.275,576640127,19,1,1500,1500,1562,1500,2000,2000,1500,1500,999,999,2000,2000,880,880
50.315,576679823,19,1,1500,1500,1565,1500,2000,2000,1500,1500,999,999,2000,2000,880,880
50.355,576719853,19,1,1500,1500,1567,1500,2000,2000,1500,1500,999,999,2000,2000,880,880
50.395,576759949,19,1,1500,1500,1567,1500,2000,2000,1500,1500,999,999,2000,2000,880,880
50.436,576800930,19,1,1500,1500,1575,1500,2000,2000,1500,1500,999,999,2000,2000,880,880
50.475,576840043,19,1,1500,1500,1575,1500,2000,2000,1500,1500,999,999,2000,2000,880,880
50.515,576880005,19,1,1500,1500,1577,1500,2000,2000,1500,1500,999,999,2000,2000,880,880
50.555,576920485,19,1,1500,1500,1585,1500,2000,2000,1500,1500,999,999,2000,2000,880,880
50.595,576960172,19,1,1500,1500,1599,1500,2000,2000,1500,1500,999,999,2000,2000,880,880
50.635,577000054,19,1,1500,1500,1605,1500,2000,2000,1500,1500,999,999,2000,2000,880,880
50.675,577040278,19,1,1500,1500,1607,1500,2000,2000,1500,1500,999,999,2000,2000,880,880
50.714,577079700,19,1,1500,1500,1614,1500,2000,2000,1500,1500,999,999,2000,2000,880,880
50.754,577119744,19,1,1500,1500,1615,1500,2000,2000,1500,1500,999,999,2000,2000,880,880
50.795,577159971,19,1,1500,1500,1617,1500,2000,2000,1500,1500,999,999,2000,2000,880,880
50.835,577199815,19,1,1500,1500,1617,1500,2000,2000,1500,1500,999,999,2000,2000,880,880
50.875,577240053,19,1,1500,1500,1617,1500,2000,2000,1500,1500,999,999,2000,2000,880,880
50.914,577279764,19,1,1500,1500,1618,1500,2000,2000,1500,1500,999,999,2000,2000,880,880
50.954,577319772,19,1,1500,1500,1625,1500,2000,2000,1500,1500,999,999,2000,2000,880,880
50.995,577359890,19,1,1500,1500,1627,1500,2000,2000,1500,1500,999,999,2000,2000,880,880
51.034,577399778,19,1,1500,1500,1635,1500,2000,2000,1500,1500,999,999,2000,2000,880,880
51.075,577440021,19,1,1500,1500,1635,1500,2000,2000,1500,1500,999,999,2000,2000,880,880
51.114,577479746,19,1,1500,1500,1635,1500,2000,2000,1500,1500,999,999,2000,2000,880,880
51.154,577519748,19,1,1500,1500,1636,1500,2000,2000,1500,1500,999,999,2000,2000,880,880
51.195,577559845,19,1,1500,1500,1643,1500,2000,2000,1500,1500,999,999,2000,2000,880,880
51.234,577599776,19,1,1500,1500,1651,1500,2000,2000,1500,1500,999,999,2000,2000,880,880
51.274,577639769,19,1,1500,1500,1658,1500,2000,2000,1500,1500,999,999,2000,2000,880,880
51.314,577679739,19,1,1500,1500,1667,1500,2000,2000,1500,1500,999,999,2000,2000,880,880
51.355,577720366,19,1,1500,1500,1668,1500,2000,2000,1500,1500,999,999,2000,2000,880,880
51.395,577760048,19,1,1500,1500,1670,1500,2000,2000,1500,1500,999,999,2000,2000,880,880
51.434,577799703,19,1,1500,1500,1677,1500,2000,2000,1500,1500,999,999,2000,2000,880,880
51.474,577839693,19,1,1500,1500,1690,1500,2000,2000,1500,1500,999,999,2000,2000,880,880
51.514,577879711,19,1,1500,1500,1696,1500,2000,2000,1500,1500,999,999,2000,2000,880,880
51.555,577920309,19,1,1500,1500,1697,1500,2000,2000,1500,1500,999,999,2000,2000,880,880
51.595,577960332,19,1,1500,1500,1697,1500,2000,2000,1500,1500,999,999,2000,2000,880,880
51.634,577999654,19,1,1500,1500,1706,1500,2000,2000,1500,1500,999,999,2000,2000,880,880
51.675,578040485,19,1,1500,1500,1706,1500,2000,2000,1500,1500,999,999,2000,2000,880,880
51.714,578079701,19,1,1500,1500,1707,1500,2000,2000,1500,1500,999,999,2000,2000,880,880
51.754,578119703,19,1,1500,1500,1708,1500,2000,2000,1500,1500,999,999,2000,2000,880,880
51.795,578159859,19,1,1500,1500,1710,1500,2000,2000,1500,1500,999,999,2000,2000,880,880
51.835,578200273,19,1,1500,1500,1710,1500,2000,2000,1500,1500,999,999,2000,2000,880,880
51.875,578239864,19,1,1500,1500,1712,1500,2000,2000,1500,1500,999,999,2000,2000,880,880
51.915,578279883,19,1,1500,1500,1725,1500,2000,2000,1500,1500,999,999,2000,2000,880,880
51.955,578320342,19,1,1500,1500,1732,1500,2000,2000,1500,1500,999,999,2000,2000,880,880
51.995,578360025,19,1,1500,1500,1732,1500,2000,2000,1500,1500,999,999,2000,2000,880,880
52.034,578399619,19,1,1500,1500,1732,1500,2000,2000,1500,1500,999,999,2000,2000,880,880
52.074,578439580,19,1,1500,1500,1731,1500,2000,2000,1500,1500,999,999,2000,2000,880,880
52.115,578479864,19,1,1500,1500,1731,1500,2000,2000,1500,1500,999,999,2000,2000,880,880
52.155,578520333,19,1,1500,1500,1731,1500,2000,2000,1500,1500,999,999,2000,2000,880,880
52.195,578559960,19,1,1500,1500,1731,1500,2000,2000,1500,1500,999,999,2000,2000,880,880
52.235,578599966,19,1,1500,1500,1731,1500,2000,2000,1500,1500,999,999,2000,2000,880,880
52.275,578639960,19,1,1500,1500,1731,1500,2000,2000,1500,1500,999,999,2000,2000,880,880
52.315,578679909,19,1,1500,1500,1731,1500,2000,2000,1500,1500,999,999,2000,2000,880,880
52.355,578720251,19,1,1500,1500,1731,1500,2000,2000,1500,1500,999,999,2000,2000,880,880
52.395,578760152,19,1,1500,1500,1731,1500,2000,2000,1500,1500,999,999,2000,2000,880,880
52.434,578799587,19,1,1500,1527,1731,1500,2000,2000,1500,1500,999,999,2000,2000,880,880
52.474,578839634,19,1,1500,1570,1731,1500,2000,2000,1500,1500,999,999,2000,2000,880,880
52.514,578879617,19,1,1500,1633,1731,1500,2000,2000,1500,1500,999,999,2000,2000,880,880
52.554,578919531,19,1,1500,1684,1731,1500,2000,2000,1500,1500,999,999,2000,2000,880,880
52.594,578959768,19,1,1500,1733,1731,1500,2000,2000,1500,1500,999,999,2000,2000,880,880
52.634,578999611,19,1,1500,1793,1731,1500,2000,2000,1500,1500,999,999,2000,2000,880,880
52.675,579040397,19,1,1500,1832,1731,1500,2000,2000,1500,1500,999,999,2000,2000,880,880
52.714,579079563,19,1,1500,1866,1732,1500,2000,2000,1500,1500,999,999,2000,2000,880,880
52.754,579119628,19,1,1500,1896,1731,1500,2000,2000,1500,1500,999,999,2000,2000,880,880
52.794,579159772,19,1,1500,1905,1731,1500,2000,2000,1500,1500,999,999,2000,2000,880,880
52.834,579199562,19,1,1500,1912,1732,1500,2000,2000,1500,1500,999,999,2000,2000,880,880
52.874,579239585,19,1,1501,1912,1732,1500,2000,2000,1500,1500,999,999,2000,2000,880,880
52.915,579279952,19,1,1502,1912,1731,1500,2000,2000,1500,1500,999,999,2000,2000,880,880
52.955,579320674,19,1,1502,1912,1732,1500,2000,2000,1500,1500,999,999,2000,2000,880,880
52.995,579359910,19,1,1501,1912,1731,1500,2000,2000,1500,1500,999,999,2000,2000,880,880
53.035,579399814,19,1,1501,1912,1731,1500,2000,2000,1500,1500,999,999,2000,2000,880,880
53.075,579439821,19,1,1501,1912,1731,1500,2000,2000,1500,1500,999,999,2000,2000,880,880
53.114,579479784,19,1,1500,1912,1731,1500,2000,2000,1500,1500,999,999,2000,2000,880,880
53.155,579520268,19,1,1501,1910,1732,1500,2000,2000,1500,1500,999,999,2000,2000,880,880
53.194,579559640,19,1,1501,1910,1732,1500,2000,2000,1500,1500,999,999,2000,2000,880,880
53.234,579599555,19,1,1500,1912,1732,1500,2000,2000,1500,1500,999,999,2000,2000,880,880
53.274,579639548,19,1,1500,1915,1732,1500,2000,2000,1500,1500,999,999,2000,2000,880,880
53.314,579679559,19,1,1500,1915,1732,1500,2000,2000,1500,1500,999,999,2000,2000,880,880
53.355,579720666,19,1,1500,1916,1732,1500,2000,2000,1500,1500,999,999,2000,2000,880,880
53.394,579759647,19,1,1500,1916,1732,1500,2000,2000,1500,1500,999,999,2000,2000,880,880
53.434,579799519,19,1,1500,1916,1731,1500,2000,2000,1500,1500,999,999,2000,2000,880,880
53.474,579839508,19,1,1500,1915,1731,1500,2000,2000,1500,1500,999,999,2000,2000,880,880
53.515,579879983,19,1,1500,1915,1731,1500,2000,2000,1500,1500,999,999,2000,2000,880,880
53.555,579920072,19,1,1500,1912,1732,1500,2000,2000,1500,1500,999,999,2000,2000,880,880
53.595,579959905,19,1,1500,1905,1731,1500,2000,2000,1500,1500,999,999,2000,2000,880,880
53.634,579999459,19,1,1500,1896,1732,1500,2000,2000,1500,1500,999,999,2000,2000,880,880
53.675,580040020,19,1,1500,1897,1732,1500,2000,2000,1500,1500,999,999,2000,2000,880,880
53.714,580079557,19,1,1500,1897,1732,1500,2000,2000,1500,1500,999,999,2000,2000,880,880
53.754,580119506,19,1,1500,1896,1731,1500,2000,2000,1500,1500,999,999,2000,2000,880,880
53.795,580159805,19,1,1500,1895,1731,1500,2000,2000,1500,1500,999,999,2000,2000,880,880
53.834,580199475,19,1,1500,1887,1731,1500,2000,2000,1500,1500,999,999,2000,2000,880,880
53.874,580239674,19,1,1500,1887,1731,1500,2000,2000,1500,1500,999,999,2000,2000,880,880
53.914,580279700,19,1,1500,1878,1731,1500,2000,2000,1500,1500,999,999,2000,2000,880,880
53.955,580320720,19,1,1500,1869,1731,1500,2000,2000,1500,1500,999,999,2000,2000,880,880
53.994,580359749,19,1,1500,1868,1731,1500,2000,2000,1500,1500,999,999,2000,2000,880,880
54.034,580399666,19,1,1500,1868,1731,1500,2000,2000,1500,1500,999,999,2000,2000,880,880
54.074,580439685,19,1,1500,1868,1731,1500,2000,2000,1500,1500,999,999,2000,2000,880,880
54.114,580479470,19,1,1483,1839,1732,1500,2000,2000,1500,1500,999,999,2000,2000,880,880
54.154,580519446,19,1,1470,1823,1732,1500,2000,2000,1500,1500,999,999,2000,2000,880,880
54.194,580559638,19,1,1466,1809,1732,1500,2000,2000,1500,1500,999,999,2000,2000,880,880
54.234,580599474,19,1,1421,1784,1732,1500,2000,2000,1500,1500,999,999,2000,2000,880,880
54.274,580639462,19,1,1391,1783,1731,1500,2000,2000,1500,1500,999,999,2000,2000,880,880
54.314,580679677,19,1,1368,1774,1732,1500,2000,2000,1500,1500,999,999,2000,2000,880,880
54.354,580719411,19,1,1340,1773,1732,1500,2000,2000,1500,1500,999,999,2000,2000,880,880
54.394,580759526,19,1,1320,1766,1732,1500,2000,2000,1500,1500,999,999,2000,2000,880,880
54.434,580799632,19,1,1298,1749,1732,1500,2000,2000,1500,1500,999,999,2000,2000,880,880
54.474,580839430,19,1,1290,1742,1732,1500,2000,2000,1500,1500,999,999,2000,2000,880,880
54.514,580879684,19,1,1298,1743,1732,1500,2000,2000,1500,1500,999,999,2000,2000,880,880
54.554,580919388,19,1,1298,1745,1732,1500,2000,2000,1500,1500,999,999,2000,2000,880,880
54.594,580959607,19,1,1275,1738,1732,1500,2000,2000,1500,1500,999,999,2000,2000,880,880
54.634,580999409,19,1,1273,1731,1732,1500,2000,2000,1500,1500,999,999,2000,2000,880,880
54.675,581040076,19,1,1266,1729,1732,1500,2000,2000,1500,1500,999,999,2000,2000,880,880
54.715,581079852,19,1,1265,1727,1732,1500,2000,2000,1500,1500,999,999,2000,2000,880,880
54.754,581119361,19,1,1255,1719,1732,1500,2000,2000,1500,1500,999,999,2000,2000,880,880
54.794,581159682,19,1,1235,1711,1731,1500,2000,2000,1500,1500,999,999,2000,2000,880,880
54.834,581199397,19,1,1226,1702,1731,1500,2000,2000,1500,1500,999,999,2000,2000,880,880
54.874,581239387,19,1,1233,1700,1732,1500,2000,2000,1500,1500,999,999,2000,2000,880,880
54.914,581279590,19,1,1225,1686,1731,1500,2000,2000,1500,1500,999,999,2000,2000,880,880
54.955,581320006,19,1,1212,1670,1732,1500,2000,2000,1500,1500,999,999,2000,2000,880,880
54.994,581359433,19,1,1220,1662,1732,1500,2000,2000,1500,1500,999,999,2000,2000,880,880
55.034,581399340,19,1,1233,1647,1732,1500,2000,2000,1500,1500,999,999,2000,2000,880,880
55.074,581439358,19,1,1258,1632,1732,1500,2000,2000,1500,1500,999,999,2000,2000,880,880
55.114,581479406,19,1,1281,1635,1732,1500,2000,2000,1500,1500,999,999,2000,2000,880,880
55.154,581519337,19,1,1308,1628,1731,1500,2000,2000,1500,1500,999,999,2000,2000,880,880
55.194,581559467,19,1,1388,1627,1731,1500,2000,2000,1500,1500,999,999,2000,2000,880,880
55.234,581599379,19,1,1481,1635,1732,1500,2000,2000,1500,1500,999,999,2000,2000,880,880
55.274,581639357,19,1,1474,1598,1731,1500,2000,2000,1500,1500,999,999,2000,2000,880,880
55.314,581679619,19,1,1466,1582,1731,1500,2000,2000,1500,1500,999,999,2000,2000,880,880
55.354,581719273,19,1,1488,1567,1732,1500,2000,2000,1500,1500,999,999,2000,2000,880,880
55.394,581759438,19,1,1488,1534,1732,1500,2000,2000,1500,1500,999,999,2000,2000,880,880
55.434,581799254,19,1,1500,1519,1732,1500,2000,2000,1500,1500,999,999,2000,2000,880,880
55.474,581839302,19,1,1500,1517,1732,1500,2000,2000,1500,1500,999,999,2000,2000,880,880
55.514,581879338,19,1,1500,1515,1731,1500,2000,2000,1500,1500,999,999,2000,2000,880,880
55.555,581920407,19,1,1500,1500,1731,1500,2000,2000,1500,1500,999,999,2000,2000,880,880
55.594,581959465,19,1,1500,1500,1731,1500,2000,2000,1500,1500,999,999,2000,2000,880,880
55.634,581999573,19,1,1500,1500,1731,1500,2000,2000,1500,1500,999,999,2000,2000,880,880
55.674,582039775,19,1,1500,1500,1731,1500,2000,2000,1500,1500,999,999,2000,2000,880,880
55.714,582079341,19,1,1500,1500,1731,1500,2000,2000,1500,1500,999,999,2000,2000,880,880
55.754,582119260,19,1,1500,1500,1731,1500,2000,2000,1500,1500,999,999,2000,2000,880,880
55.794,582159592,19,1,1500,1500,1731,1500,2000,2000,1500,1500,999,999,2000,2000,880,880
55.834,582199259,19,1,1500,1500,1731,1500,2000,2000,1500,1500,999,999,2000,2000,880,880
55.874,582239279,19,1,1500,1500,1731,1500,2000,2000,1500,1500,999,999,2000,2000,880,880
55.914,582279292,19,1,1500,1500,1732,1500,2000,2000,1500,1500,999,999,2000,2000,880,880
55.954,582319508,19,1,1500,1500,1731,1500,2000,2000,1500,1500,999,999,2000,2000,880,880
55.994,582359586,19,1,1500,1500,1731,1500,2000,2000,1500,1500,999,999,2000,2000,880,880
56.034,582399261,19,1,1500,1500,1731,1500,2000,2000,1500,1500,999,999,2000,2000,880,880
56.074,582439263,19,1,1500,1500,1732,1500,2000,2000,1500,1500,999,999,2000,2000,880,880
56.114,582479242,19,1,1500,1500,1732,1500,2000,2000,1500,1500,999,999,2000,2000,880,880
56.154,582519144,19,1,1500,1500,1732,1500,2000,2000,1500,1500,999,999,2000,2000,880,880
56.194,582559336,19,1,1500,1500,1732,1500,2000,2000,1500,1500,999,999,2000,2000,880,880
56.234,582599514,19,1,1500,1500,1732,1500,2000,2000,1500,1500,999,999,2000,2000,880,880
56.274,582639453,19,1,1500,1500,1732,1500,2000,2000,1500,1500,999,999,2000,2000,880,880
56.314,582679463,19,1,1500,1500,1732,1500,2000,2000,1500,1500,999,999,2000,2000,880,880
56.354,582719155,19,1,1500,1500,1731,1500,2000,2000,1500,1500,999,999,2000,2000,880,880
56.394,582759510,19,1,1500,1500,1731,1500,2000,2000,1500,1500,999,999,2000,2000,880,880
56.435,582800374,19,1,1500,1500,1731,1500,2000,2000,1500,1500,999,999,2000,2000,880,880
56.474,582839410,19,1,1500,1500,1731,1500,2000,2000,1500,1500,999,999,2000,2000,880,880
56.514,582879599,19,1,1500,1500,1732,1500,2000,2000,1500,1500,999,999,2000,2000,880,880
56.555,582920342,19,1,1500,1500,1732,1500,2000,2000,1500,1500,999,999,2000,2000,880,880
56.594,582959439,19,1,1500,1500,1731,1500,2000,2000,1500,1500,999,999,2000,2000,880,880
56.634,582999251,19,1,1500,1500,1731,1500,2000,2000,1500,1500,999,999,2000,2000,880,880
56.674,583039654,19,1,1500,1500,1731,1500,2000,2000,1500,1500,999,999,2000,2000,880,880
56.714,583079204,19,1,1500,1500,1731,1500,2000,2000,1500,1500,999,999,2000,2000,880,880
56.755,583120294,19,1,1500,1500,1731,1500,2000,2000,1500,1500,999,999,2000,2000,880,880
56.794,583159536,19,1,1500,1500,1731,1500,2000,2000,1500,1500,999,999,2000,2000,880,880
56.834,583199738,19,1,1500,1500,1731,1500,2000,2000,1500,1500,999,999,2000,2000,880,880
56.874,583239441,19,1,1500,1500,1731,1500,2000,2000,1500,1500,999,999,2000,2000,880,880
56.914,583279371,19,1,1500,1500,1731,1500,2000,2000,1500,1500,999,999,2000,2000,880,880
56.955,583320309,19,1,1500,1500,1731,1500,2000,2000,1500,1500,999,999,2000,2000,880,880
56.994,583359508,19,1,1500,1500,1731,1500,2000,2000,1500,1500,999,999,2000,2000,880,880
57.034,583399380,19,1,1500,1500,1731,1500,2000,2000,1500,1500,999,999,2000,2000,880,880
57.074,583439414,19,1,1500,1500,1731,1499,2000,2000,1500,1500,999,999,2000,2000,880,880
57.114,583479118,19,1,1500,1500,1731,1454,2000,2000,1500,1500,999,999,2000,2000,880,880
57.154,583519405,19,1,1500,1500,1731,1411,2000,2000,1500,1500,999,999,2000,2000,880,880
57.194,583559280,19,1,1500,1500,1731,1411,2000,2000,1500,1500,999,999,2000,2000,880,880
57.235,583600327,19,1,1500,1500,1731,1396,2000,2000,1500,1500,999,999,2000,2000,880,880
57.274,583639171,19,1,1500,1500,1730,1373,2000,2000,1500,1500,999,999,2000,2000,880,880
57.314,583679147,19,1,1500,1500,1728,1371,2000,2000,1500,1500,999,999,2000,2000,880,880
57.354,583719426,19,1,1500,1500,1728,1365,2000,2000,1500,1500,999,999,2000,2000,880,880
57.394,583759470,19,1,1500,1500,1728,1373,2000,2000,1500,1500,999,999,2000,2000,880,880
57.435,583800272,19,1,1500,1500,1728,1375,2000,2000,1500,1500,999,999,2000,2000,880,880
57.474,583839381,19,1,1500,1500,1727,1366,2000,2000,1500,1500,999,999,2000,2000,880,880
57.514,583879408,19,1,1500,1500,1727,1375,2000,2000,1500,1500,999,999,2000,2000,880,880
57.554,583919448,19,1,1500,1500,1727,1375,2000,2000,1500,1500,999,999,2000,2000,880,880
57.594,583959524,19,1,1500,1500,1727,1366,2000,2000,1500,1500,999,999,2000,2000,880,880
57.634,583999057,19,1,1500,1500,1727,1366,2000,2000,1500,1500,999,999,2000,2000,880,880
57.674,584039687,19,1,1500,1500,1727,1366,2000,2000,1500,1500,999,999,2000,2000,880,880
57.714,584079103,19,1,1500,1500,1728,1356,2000,2000,1500,1500,999,999,2000,2000,880,880
57.754,584119045,19,1,1500,1500,1728,1326,2000,2000,1500,1500,999,999,2000,2000,880,880
57.794,584159412,19,1,1500,1500,1728,1326,2000,2000,1500,1500,999,999,2000,2000,880,880
57.834,584199069,19,1,1500,1500,1727,1326,2000,2000,1500,1500,999,999,2000,2000,880,880
57.874,584239281,19,1,1500,1500,1727,1335,2000,2000,1500,1500,999,999,2000,2000,880,880
57.914,584279078,19,1,1500,1500,1727,1343,2000,2000,1500,1500,999,999,2000,2000,880,880
57.954,584319082,19,1,1500,1500,1727,1343,2000,2000,1500,1500,999,999,2000,2000,880,880
57.994,584359364,19,1,1500,1500,1727,1351,2000,2000,1500,1500,999,999,2000,2000,880,880
58.034,584399342,19,1,1500,1500,1727,1351,2000,2000,1500,1500,999,999,2000,2000,880,880
58.074,584439423,19,1,1500,1500,1727,1335,2000,2000,1500,1500,999,999,2000,2000,880,880
58.114,584479000,19,1,1500,1500,1728,1336,2000,2000,1500,1500,999,999,2000,2000,880,880
58.154,584519040,19,1,1500,1500,1727,1361,2000,2000,1500,1500,999,999,2000,2000,880,880
58.194,584559227,19,1,1500,1500,1727,1376,2000,2000,1500,1500,999,999,2000,2000,880,880
58.235,584600249,19,1,1500,1500,1727,1376,2000,2000,1500,1500,999,999,2000,2000,880,880
58.274,584639080,19,1,1500,1500,1727,1361,2000,2000,1500,1500,999,999,2000,2000,880,880
58.314,584679073,19,1,1500,1500,1727,1361,2000,2000,1500,1500,999,999,2000,2000,880,880
58.354,584719059,19,1,1500,1500,1727,1363,2000,2000,1500,1500,999,999,2000,2000,880,880
58.394,584759122,19,1,1500,1500,1728,1365,2000,2000,1500,1500,999,999,2000,2000,880,880
58.435,584800336,19,1,1500,1500,1727,1366,2000,2000,1500,1500,999,999,2000,2000,880,880
58.474,584839234,19,1,1500,1500,1727,1373,2000,2000,1500,1500,999,999,2000,2000,880,880
58.514,584879265,19,1,1500,1500,1727,1383,2000,2000,1500,1500,999,999,2000,2000,880,880
58.554,584918961,19,1,1500,1500,1727,1383,2000,2000,1500,1500,999,999,2000,2000,880,880
58.594,584959267,19,1,1500,1500,1728,1383,2000,2000,1500,1500,999,999,2000,2000,880,880
58.634,584999044,19,1,1500,1500,1727,1398,2000,2000,1500,1500,999,999,2000,2000,880,880
58.674,585039462,19,1,1500,1500,1727,1400,2000,2000,1500,1500,999,999,2000,2000,880,880
58.714,585079236,19,1,1500,1500,1727,1451,2000,2000,1500,1500,999,999,2000,2000,880,880
58.754,585119313,19,1,1500,1500,1727,1500,2000,2000,1500,1500,999,999,2000,2000,880,880
58.794,585159400,19,1,1500,1500,1728,1500,2000,2000,1500,1500,999,999,2000,2000,880,880
58.834,585198994,19,1,1500,1500,1728,1500,2000,2000,1500,1500,999,999,2000,2000,880,880
58.874,585238998,19,1,1500,1500,1728,1500,2000,2000,1500,1500,999,999,2000,2000,880,880
58.914,585278985,19,1,1500,1500,1728,1500,2000,2000,1500,1500,999,999,2000,2000,880,880
58.954,585318989,19,1,1500,1500,1728,1500,2000,2000,1500,1500,999,999,2000,2000,880,880
58.994,585359072,19,1,1500,1500,1728,1500,2000,2000,1500,1500,999,999,2000,2000,880,880
59.034,585398996,19,1,1500,1500,1728,1500,2000,2000,1500,1500,999,999,2000,2000,880,880
59.074,585438916,19,1,1500,1500,1728,1500,2000,2000,1500,1500,999,999,2000,2000,880,880
59.114,585479347,19,1,1500,1545,1728,1500,2000,2000,1500,1500,999,999,2000,2000,880,880
59.155,585520337,19,1,1500,1605,1728,1500,2000,2000,1500,1500,999,999,2000,2000,880,880
59.194,585559321,19,1,1505,1672,1728,1500,2000,2000,1500,1500,999,999,2000,2000,880,880
59.234,585598967,19,1,1538,1723,1728,1500,2000,2000,1500,1500,999,999,2000,2000,880,880
59.274,585638977,19,1,1538,1745,1728,1500,2000,2000,1500,1500,999,999,2000,2000,880,880
59.314,585678960,19,1,1522,1778,1728,1500,2000,2000,1500,1500,999,999,2000,2000,880,880
59.354,585719190,19,1,1513,1814,1728,1500,2000,2000,1500,1500,999,999,2000,2000,880,880
59.394,585759011,19,1,1510,1836,1728,1500,2000,2000,1500,1500,999,999,2000,2000,880,880
59.434,585798843,19,1,1510,1888,1728,1500,2000,2000,1500,1500,999,999,2000,2000,880,880
59.474,585839122,19,1,1504,1925,1729,1500,2000,2000,1500,1500,999,999,2000,2000,880,880
59.514,585879182,19,1,1504,1927,1729,1500,2000,2000,1500,1500,999,999,2000,2000,880,880
59.554,585919258,19,1,1502,1901,1729,1500,2000,2000,1500,1500,999,999,2000,2000,880,880
59.594,585959293,19,1,1500,1844,1729,1500,2000,2000,1500,1500,999,999,2000,2000,880,880
59.634,585998849,19,1,1500,1845,1728,1500,2000,2000,1500,1500,999,999,2000,2000,880,880
59.674,586039448,19,1,1500,1861,1728,1500,2000,2000,1500,1500,999,999,2000,2000,880,880
59.714,586078901,19,1,1500,1869,1728,1500,2000,2000,1500,1500,999,999,2000,2000,880,880
59.754,586118901,19,1,1500,1876,1728,1500,2000,2000,1500,1500,999,999,2000,2000,880,880
59.794,586158996,19,1,1500,1867,1728,1500,2000,2000,1500,1500,999,999,2000,2000,880,880
59.834,586198877,19,1,1500,1834,1728,1500,2000,2000,1500,1500,999,999,2000,2000,880,880
59.874,586238868,19,1,1500,1834,1728,1500,2000,2000,1500,1500,999,999,2000,2000,880,880
59.914,586278865,19,1,1500,1849,1728,1500,2000,2000,1500,1500,999,999,2000,2000,880,880
59.954,586318835,19,1,1500,1849,1728,1500,2000,2000,1500,1500,999,999,2000,2000,880,880
59.994,586358970,19,1,1500,1834,1728,1500,2000,2000,1500,1500,999,999,2000,2000,880,880
60.033,586398760,19,1,1500,1826,1728,1500,2000,2000,1500,1500,999,999,2000,2000,880,880
60.074,586439066,19,1,1500,1813,1728,1500,2000,2000,1500,1500,999,999,2000,2000,880,880
60.114,586478788,19,1,1500,1782,1728,1500,2000,2000,1500,1500,999,999,2000,2000,880,880
60.154,586518881,19,1,1500,1751,1728,1500,2000,2000,1500,1500,999,999,2000,2000,880,880
60.194,586559259,19,1,1500,1728,1729,1500,2000,2000,1500,1500,999,999,2000,2000,880,880
60.234,586598850,19,1,1500,1697,1729,1500,2000,2000,1500,1500,999,999,2000,2000,880,880
60.274,586638843,19,1,1500,1662,1743,1500,2000,2000,1500,1500,999,999,2000,2000,880,880
60.314,586678863,19,1,1500,1654,1744,1500,2000,2000,1500,1500,999,999,2000,2000,880,880
60.354,586718796,19,1,1500,1637,1745,1500,2000,2000,1500,1500,999,999,2000,2000,880,880
60.394,586758938,19,1,1500,1589,1761,1500,2000,2000,1500,1500,999,999,2000,2000,880,880
60.434,586798829,19,1,1500,1561,1761,1500,2000,2000,1500,1500,999,999,2000,2000,880,880
60.474,586839039,19,1,1500,1558,1762,1500,2000,2000,1500,1500,999,999,2000,2000,880,880
60.514,586878821,19,1,1500,1543,1769,1500,2000,2000,1500,1500,999,999,2000,2000,880,880
60.554,586918798,19,1,1500,1541,1769,1500,2000,2000,1500,1500,999,999,2000,2000,880,880
60.594,586958959,19,1,1500,1541,1769,1500,2000,2000,1500,1500,999,999,2000,2000,880,880
60.634,586998795,19,1,1500,1532,1769,1500,2000,2000,1500,1500,999,999,2000,2000,880,880
60.674,587039310,19,1,1500,1531,1769,1500,2000,2000,1500,1500,999,999,2000,2000,880,880
60.714,587079276,19,1,1500,1530,1769,1500,2000,2000,1500,1500,999,999,2000,2000,880,880
60.754,587119046,19,1,1500,1523,1769,1500,2000,2000,1500,1500,999,999,2000,2000,880,880
60.794,587158894,19,1,1500,1500,1769,1500,2000,2000,1500,1500,999,999,2000,2000,880,880
60.833,587198784,19,1,1500,1500,1769,1500,2000,2000,1500,1500,999,999,2000,2000,880,880
60.874,587238960,19,1,1500,1500,1769,1500,2000,2000,1500,1500,999,999,2000,2000,880,880
60.914,587279022,19,1,1500,1500,1769,1500,2000,2000,1500,1500,999,999,2000,2000,880,880
60.954,587319350,19,1,1500,1500,1769,1500,2000,2000,1500,1500,999,999,2000,2000,880,880
60.994,587359284,19,1,1500,1500,1769,1500,2000,2000,1500,1500,999,999,2000,2000,880,880
61.033,587398706,19,1,1500,1500,1769,1500,2000,2000,1500,1500,999,999,2000,2000,880,880
61.073,587438750,19,1,1500,1500,1769,1500,2000,2000,1500,1500,999,999,2000,2000,880,880
61.113,587478781,19,1,1500,1500,1769,1500,2000,2000,1500,1500,999,999,2000,2000,880,880
61.153,587518749,19,1,1500,1500,1769,1500,2000,2000,1500,1500,999,999,2000,2000,880,880
61.194,587559072,19,1,1500,1500,1769,1500,2000,2000,1500,1500,999,999,2000,2000,880,880
61.234,587599029,19,1,1500,1500,1769,1500,2000,2000,1500,1500,999,999,2000,2000,880,880
61.273,587638757,19,1,1500,1500,1769,1500,2000,2000,1500,1500,999,999,2000,2000,880,880
61.313,587678752,19,1,1500,1500,1769,1500,2000,2000,1500,1500,999,999,2000,2000,880,880
61.353,587718734,19,1,1500,1500,1769,1500,2000,2000,1500,1500,999,999,2000,2000,880,880
61.394,587759070,19,1,1500,1500,1769,1500,2000,2000,1500,1500,999,999,2000,2000,880,880
61.435,587799825,19,1,1500,1500,1769,1500,2000,2000,1500,1500,999,999,2000,2000,880,880
61.473,587838740,19,1,1500,1500,1769,1500,2000,2000,1500,1500,999,999,2000,2000,880,880
61.513,587878729,19,1,1500,1500,1769,1500,2000,2000,1500,1500,999,999,2000,2000,880,880
61.553,587918728,19,1,1500,1500,1769,1500,2000,2000,1500,1500,999,999,2000,2000,880,880
61.594,587959049,19,1,1500,1500,1769,1500,2000,2000,1500,1500,999,999,2000,2000,880,880
61.634,587998915,19,1,1500,1500,1769,1500,2000,2000,1500,1500,999,999,2000,2000,880,880
61.674,588039223,19,1,1500,1500,1769,1500,2000,2000,1500,1500,999,999,2000,2000,880,880
61.714,588078969,19,1,1500,1500,1769,1500,2000,2000,1500,1500,999,999,2000,2000,880,880
61.753,588118712,19,1,1500,1500,1768,1500,2000,2000,1500,1500,999,999,2000,2000,880,880
61.794,588158832,19,1,1500,1500,1768,1500,2000,2000,1500,1500,999,999,2000,2000,880,880
61.833,588198717,19,1,1500,1500,1768,1500,2000,2000,1500,1500,999,999,2000,2000,880,880
61.874,588238890,19,1,1500,1500,1768,1500,2000,2000,1500,1500,999,999,2000,2000,880,880
61.914,588278869,19,1,1500,1500,1768,1500,2000,2000,1500,1500,999,999,2000,2000,880,880
61.954,588318988,19,1,1500,1500,1769,1500,2000,2000,1500,1500,999,999,2000,2000,880,880
61.993,588358730,19,1,1500,1500,1769,1500,2000,2000,1500,1500,999,999,2000,2000,880,880
62.034,588398842,19,1,1500,1500,1769,1500,2000,2000,1500,1500,999,999,2000,2000,880,880
62.074,588438861,19,1,1500,1500,1769,1500,2000,2000,1500,1500,999,999,2000,2000,880,880
62.113,588478583,19,1,1500,1500,1769,1500,2000,2000,1500,1500,999,999,2000,2000,880,880
62.153,588518660,19,1,1500,1500,1769,1500,2000,2000,1500,1500,999,999,2000,2000,880,880
62.194,588558859,19,1,1500,1500,1769,1500,2000,2000,1500,1500,999,999,2000,2000,880,880
62.233,588598642,19,1,1500,1500,1769,1500,2000,2000,1500,1500,999,999,2000,2000,880,880
62.273,588638651,19,1,1500,1500,1769,1500,2000,2000,1500,1500,999,999,2000,2000,880,880
62.314,588678860,19,1,1500,1500,1769,1500,2000,2000,1500,1500,999,999,2000,2000,880,880
62.353,588718632,19,1,1500,1500,1769,1500,2000,2000,1500,1500,999,999,2000,2000,880,880
62.394,588758956,19,1,1500,1500,1769,1500,2000,2000,1500,1500,999,999,2000,2000,880,880
62.434,588798940,19,1,1500,1500,1769,1500,2000,2000,1500,1500,999,999,2000,2000,880,880
62.474,588838877,19,1,1500,1500,1769,1500,2000,2000,1500,1500,999,999,2000,2000,880,880
62.513,588878539,19,1,1500,1500,1769,1500,2000,2000,1500,1500,999,999,2000,2000,880,880
62.554,588918927,19,1,1500,1500,1769,1500,2000,2000,1500,1500,999,999,2000,2000,880,880
62.594,588959004,19,1,1500,1500,1769,1500,2000,2000,1500,1500,999,999,2000,2000,880,880
62.633,588998603,19,1,1500,1500,1769,1500,2000,2000,1500,1500,999,999,2000,2000,880,880
62.674,589039156,19,1,1500,1500,1769,1500,2000,2000,1500,1500,999,999,2000,2000,880,880
62.714,589078817,19,1,1500,1500,1769,1500,2000,2000,1500,1500,999,999,2000,2000,880,880
62.754,589118964,19,1,1500,1500,1769,1500,2000,2000,1500,1500,999,999,2000,2000,880,880
62.794,589158999,19,1,1500,1500,1769,1500,2000,2000,1500,1500,999,999,2000,2000,880,880
62.834,589198882,19,1,1500,1500,1769,1500,2000,2000,1500,1500,999,999,2000,2000,880,880
62.873,589238762,19,1,1500,1500,1768,1500,2000,2000,1500,1500,999,999,2000,2000,880,880
62.913,589278785,19,1,1500,1500,1769,1500,2000,2000,1500,1500,999,999,2000,2000,880,880
62.953,589318573,19,1,1500,1500,1769,1500,2000,2000,1500,1500,999,999,2000,2000,880,880
62.993,589358702,19,1,1500,1500,1769,1500,2000,2000,1500,1500,999,999,2000,2000,880,880
63.034,589399182,19,1,1500,1500,1769,1500,2000,2000,1500,1500,999,999,2000,2000,880,880
63.073,589438731,19,1,1500,1500,1769,1500,2000,2000,1500,1500,999,999,2000,2000,880,880
63.113,589478754,19,1,1500,1500,1769,1500,2000,2000,1500,1500,999,999,2000,2000,880,880
63.154,589518811,19,1,1500,1500,1769,1500,2000,2000,1500,1500,999,999,2000,2000,880,880
63.194,589559241,19,1,1500,1500,1769,1500,2000,2000,1500,1500,999,999,2000,2000,880,880
63.234,589598839,19,1,1500,1500,1769,1500,2000,2000,1500,1500,999,999,2000,2000,880,880
63.274,589638835,19,1,1500,1500,1769,1500,2000,2000,1500,1500,999,999,2000,2000,880,880
63.313,589678483,19,1,1500,1500,1769,1500,2000,2000,1500,1500,999,999,2000,2000,880,880
63.353,589718523,19,1,1500,1500,1769,1500,2000,2000,1500,1500,999,999,2000,2000,880,880
63.394,589758860,19,1,1500,1500,1769,1500,2000,2000,1500,1500,999,999,2000,2000,880,880
63.433,589798528,19,1,1500,1500,1769,1500,2000,2000,1500,1500,999,999,2000,2000,880,880
63.473,589838505,19,1,1500,1500,1769,1500,2000,2000,1500,1500,999,999,2000,2000,880,880
63.513,589878681,19,1,1500,1500,1769,1500,2000,2000,1500,1500,999,999,2000,2000,880,880
63.553,589918773,19,1,1500,1500,1769,1500,2000,2000,1500,1500,999,999,2000,2000,880,880
63.593,589958638,19,1,1500,1500,1769,1500,2000,2000,1500,1500,999,999,2000,2000,880,880
63.634,589998789,19,1,1500,1500,1769,1500,2000,2000,1500,1500,999,999,2000,2000,880,880
63.674,590039137,19,1,1500,1500,1769,1500,2000,2000,1500,1500,999,999,2000,2000,880,880
63.713,590078507,19,1,1500,1500,1769,1500,2000,2000,1500,1500,999,999,2000,2000,880,880
63.753,590118506,19,1,1500,1500,1769,1500,2000,2000,1500,1500,999,999,2000,2000,880,880
63.793,590158630,19,1,1500,1500,1769,1500,2000,2000,1500,1500,999,999,2000,2000,880,880
63.834,590198812,19,1,1500,1500,1769,1500,2000,2000,1500,1500,999,999,2000,2000,880,880
63.873,590238672,19,1,1500,1500,1769,1500,2000,2000,1500,1500,999,999,2000,2000,880,880
63.913,590278458,19,1,1500,1500,1769,1500,2000,2000,1500,1500,999,999,2000,2000,880,880
63.953,590318514,19,1,1500,1500,1769,1500,2000,2000,1500,1500,999,999,2000,2000,880,880
63.993,590358604,19,1,1500,1500,1769,1500,2000,2000,1500,1500,999,999,2000,2000,880,880
64.033,590398463,19,1,1500,1500,1769,1500,2000,2000,1500,1500,999,999,2000,2000,880,880
64.073,590438649,19,1,1500,1500,1769,1500,2000,2000,1500,1500,999,999,2000,2000,880,880
64.113,590478655,19,1,1500,1500,1769,1500,2000,2000,1500,1500,999,999,2000,2000,880,880
64.154,590519575,19,1,1500,1500,1769,1500,2000,2000,1500,1500,999,999,2000,2000,880,880
64.193,590558561,19,1,1500,1500,1769,1500,2000,2000,1500,1500,999,999,2000,2000,880,880
64.233,590598474,19,1,1500,1500,1769,1500,2000,2000,1500,1500,999,999,2000,2000,880,880
64.273,590638441,19,1,1500,1500,1769,1500,2000,2000,1500,1500,999,999,2000,2000,880,880
64.313,590678666,19,1,1500,1500,1769,1500,2000,2000,1500,1500,999,999,2000,2000,880,880
64.354,590719549,19,1,1500,1500,1769,1500,2000,2000,1500,1500,999,999,2000,2000,880,880
64.394,590758796,19,1,1500,1500,1769,1500,2000,2000,1500,1500,999,999,2000,2000,880,880
64.433,590798665,19,1,1500,1500,1769,1500,2000,2000,1500,1500,999,999,2000,2000,880,880
64.473,590838415,19,1,1500,1500,1769,1500,2000,2000,1500,1500,999,999,2000,2000,880,880
64.513,590878702,19,1,1500,1500,1769,1500,2000,2000,1500,1500,999,999,2000,2000,880,880
64.553,590918326,19,1,1500,1500,1769,1500,2000,2000,1500,1500,999,999,2000,2000,880,880
64.593,590958753,19,1,1500,1500,1769,1500,2000,2000,1500,1500,999,999,2000,2000,880,880
64.634,590999581,19,1,1500,1500,1769,1500,2000,2000,1500,1500,999,999,2000,2000,880,880
64.674,591038867,19,1,1500,1500,1769,1500,2000,2000,1500,1500,999,999,2000,2000,880,880
64.713,591078397,19,1,1500,1500,1769,1500,2000,2000,1500,1500,999,999,2000,2000,880,880
64.753,591118707,19,1,1500,1500,1769,1500,2000,2000,1500,1500,999,999,2000,2000,880,880
64.793,591158498,19,1,1500,1500,1769,1500,2000,2000,1500,1500,999,999,2000,2000,880,880
64.833,591198381,19,1,1500,1500,1769,1500,2000,2000,1500,1500,999,999,2000,2000,880,880
64.873,591238390,19,1,1500,1500,1769,1500,2000,2000,1500,1500,999,999,2000,2000,880,880
64.913,591278555,19,1,1500,1500,1769,1500,2000,2000,1500,1500,999,999,2000,2000,880,880
64.953,591318630,19,1,1500,1500,1769,1500,2000,2000,1500,1500,999,999,2000,2000,880,880
64.993,591358450,19,1,1500,1500,1769,1500,2000,2000,1500,1500,999,999,2000,2000,880,880
65.033,591398370,19,1,1500,1500,1769,1500,2000,2000,1500,1500,999,999,2000,2000,880,880
65.073,591438600,19,1,1500,1500,1769,1500,2000,2000,1500,1500,999,999,2000,2000,880,880
65.113,591478638,19,1,1500,1500,1769,1500,2000,2000,1500,1500,999,999,2000,2000,880,880
65.153,591518274,19,1,1500,1500,1769,1500,2000,2000,1500,1500,999,999,2000,2000,880,880
65.193,591558474,19,1,1500,1500,1769,1500,2000,2000,1500,1500,999,999,2000,2000,880,880
65.233,591598361,19,1,1500,1500,1769,1500,2000,2000,1500,1500,999,999,2000,2000,880,880
65.273,591638312,19,1,1500,1500,1769,1500,2000,2000,1500,1500,999,999,2000,2000,880,880
65.313,591678352,19,1,1500,1500,1769,1500,2000,2000,1500,1500,999,999,2000,2000,880,880
65.353,591718342,19,1,1500,1500,1769,1500,2000,2000,1500,1500,999,999,2000,2000,880,880
65.393,591758484,19,1,1500,1500,1769,1500,2000,2000,1500,1500,999,999,2000,2000,880,880
65.433,591798720,19,1,1500,1500,1769,1500,2000,2000,1500,1500,999,999,2000,2000,880,880
65.473,591838510,19,1,1500,1500,1769,1500,2000,2000,1500,1500,999,999,2000,2000,880,880
65.513,591878616,19,1,1500,1500,1769,1500,2000,2000,1500,1500,999,999,2000,2000,880,880
65.553,591918589,19,1,1500,1500,1769,1500,2000,2000,1500,1500,999,999,2000,2000,880,880
65.593,591958513,19,1,1500,1500,1769,1500,2000,2000,1500,1500,999,999,2000,2000,880,880
65.633,591998271,19,1,1500,1500,1769,1500,2000,2000,1500,1500,999,999,2000,2000,880,880
65.673,592038767,19,1,1500,1500,1769,1500,2000,2000,1500,1500,999,999,2000,2000,880,880
65.713,592078291,19,1,1500,1500,1768,1500,2000,2000,1500,1500,999,999,2000,2000,880,880
65.753,592118298,19,1,1500,1500,1769,1500,2000,2000,1500,1500,999,999,2000,2000,880,880
65.793,592158419,19,1,1500,1500,1769,1500,2000,2000,1500,1500,999,999,2000,2000,880,880
65.833,592198595,19,1,1500,1500,1769,1500,2000,2000,1500,1500,999,999,2000,2000,880,880
65.873,592238550,19,1,1500,1500,1769,1500,2000,2000,1500,1500,999,999,2000,2000,880,880
65.913,592278271,19,1,1500,1500,1769,1500,2000,2000,1500,1500,999,999,2000,2000,880,880
65.954,592319359,19,1,1500,1500,1769,1500,2000,2000,1500,1500,999,999,2000,2000,880,880
65.993,592358663,19,1,1500,1500,1769,1500,2000,2000,1500,1500,999,999,2000,2000,880,880
66.033,592398472,19,1,1500,1500,1769,1500,2000,2000,1500,1500,999,999,2000,2000,880,880
66.073,592438241,19,1,1500,1500,1769,1500,2000,2000,1500,1500,999,999,2000,2000,880,880
66.113,592478228,19,1,1500,1500,1769,1500,2000,2000,1500,1500,999,999,2000,2000,880,880
66.153,592518268,19,1,1500,1500,1769,1500,2000,2000,1500,1500,999,999,2000,2000,880,880
66.193,592558384,19,1,1500,1500,1769,1500,2000,2000,1500,1500,999,999,2000,2000,880,880
66.233,592598482,19,1,1500,1500,1769,1500,2000,2000,1500,1500,999,999,2000,2000,880,880
66.273,592638447,19,1,1500,1500,1769,1500,2000,2000,1500,1500,999,999,2000,2000,880,880
66.313,592678215,19,1,1500,1500,1769,1500,2000,2000,1500,1500,999,999,2000,2000,880,880
66.353,592718231,19,1,1500,1500,1769,1500,2000,2000,1500,1500,999,999,2000,2000,880,880
66.393,592758768,19,1,1500,1500,1769,1500,2000,2000,1500,1500,999,999,2000,2000,880,880
66.434,592799367,19,1,1500,1500,1769,1500,2000,2000,1500,1500,999,999,2000,2000,880,880
66.473,592838629,19,1,1500,1500,1769,1500,2000,2000,1500,1500,999,999,2000,2000,880,880
66.513,592878544,19,1,1500,1500,1769,1500,2000,2000,1500,1500,999,999,2000,2000,880,880
66.553,592918237,19,1,1500,1500,1769,1500,2000,2000,1500,1500,999,999,2000,2000,880,880
66.593,592958355,19,1,1500,1500,1769,1500,2000,2000,1500,1500,999,999,2000,2000,880,880
66.633,592998228,19,1,1500,1500,1769,1500,2000,2000,1500,1500,999,999,2000,2000,880,880
66.674,593039131,19,1,1500,1500,1769,1500,2000,2000,1500,1500,999,999,2000,2000,880,880
66.713,593078374,19,1,1500,1500,1769,1500,2000,2000,1500,1500,999,999,2000,2000,880,880
66.753,593118538,19,1,1500,1500,1769,1500,2000,2000,1500,1500,999,999,2000,2000,880,880
66.793,593158569,19,1,1500,1500,1769,1500,2000,2000,1500,1500,999,999,2000,2000,880,880
66.833,593198224,19,1,1500,1500,1769,1500,2000,2000,1500,1500,999,999,2000,2000,880,880
66.873,593238157,19,1,1500,1500,1769,1500,2000,2000,1500,1500,999,999,2000,2000,880,880
66.913,593278360,19,1,1500,1500,1769,1500,2000,2000,1500,1500,999,999,2000,2000,880,880
66.953,593318182,19,1,1500,1500,1769,1500,2000,2000,1500,1500,999,999,2000,2000,880,880
66.993,593358277,19,1,1500,1500,1769,1500,2000,2000,1500,1500,999,999,2000,2000,880,880
67.033,593398172,19,1,1500,1500,1769,1500,2000,2000,1500,1500,999,999,2000,2000,880,880
67.073,593438155,19,1,1500,1500,1769,1500,2000,2000,1500,1500,999,999,2000,2000,880,880
67.113,593478335,19,1,1500,1500,1769,1500,2000,2000,1500,1500,999,999,2000,2000,880,880
67.153,593518429,19,1,1500,1500,1769,1500,2000,2000,1500,1500,999,999,2000,2000,880,880
67.193,593558564,19,1,1500,1500,1769,1500,2000,2000,1500,1500,999,999,2000,2000,880,880
67.233,593598204,19,1,1500,1500,1769,1500,2000,2000,1500,1500,999,999,2000,2000,880,880
67.273,593638181,19,1,1500,1500,1769,1500,2000,2000,1500,1500,999,999,2000,2000,880,880
67.313,593678080,19,1,1500,1500,1769,1500,2000,2000,1500,1500,999,999,2000,2000,880,880
67.353,593718132,19,1,1500,1500,1769,1500,2000,2000,1500,1500,999,999,2000,2000,880,880
67.393,593758488,19,1,1500,1500,1769,1500,2000,2000,1500,1500,999,999,2000,2000,880,880
67.433,593798180,19,1,1500,1500,1769,1500,2000,2000,1500,1500,999,999,2000,2000,880,880
67.473,593838114,19,1,1500,1500,1769,1500,2000,2000,1500,1500,999,999,2000,2000,880,880
67.513,593878220,19,1,1500,1500,1769,1500,2000,2000,1500,1500,999,999,2000,2000,880,880
67.553,593918103,19,1,1500,1500,1769,1500,2000,2000,1500,1500,999,999,2000,2000,880,880
67.593,593958764,19,1,1500,1500,1769,1500,2000,2000,1500,1500,999,999,2000,2000,880,880
67.633,593998391,19,1,1500,1500,1769,1500,2000,2000,1500,1500,999,999,2000,2000,880,880
67.673,594038566,19,1,1500,1500,1769,1500,2000,2000,1500,1500,999,999,2000,2000,880,880
67.713,594077969,19,1,1500,1500,1769,1500,2000,2000,1500,1500,999,999,2000,2000,880,880
67.753,594118301,19,1,1500,1500,1769,1500,2000,2000,1500,1500,999,999,2000,2000,880,880
67.793,594158188,19,1,1500,1500,1769,1500,2000,2000,1500,1500,999,999,2000,2000,880,880
67.833,594198143,19,1,1500,1500,1769,1500,2000,2000,1500,1500,999,999,2000,2000,880,880
67.873,594238074,19,1,1500,1500,1769,1500,2000,2000,1500,1500,999,999,2000,2000,880,880
67.913,594278077,19,1,1500,1500,1769,1500,2000,2000,1500,1500,999,999,2000,2000,880,880
67.953,594318078,19,1,1500,1500,1769,1500,2000,2000,1500,1500,999,999,2000,2000,880,880
67.993,594358184,19,1,1500,1500,1769,1500,2000,2000,1500,1500,999,999,2000,2000,880,880
68.033,594398299,19,1,1500,1500,1769,1500,2000,2000,1500,1500,999,999,2000,2000,880,880
68.073,594438236,19,1,1500,1500,1769,1500,2000,2000,1500,1500,999,999,2000,2000,880,880
68.113,594478296,19,1,1500,1500,1769,1500,2000,2000,1500,1500,999,999,2000,2000,880,880
68.153,594517956,19,1,1500,1500,1769,1500,2000,2000,1500,1500,999,999,2000,2000,880,880
68.193,594558374,19,1,1500,1500,1769,1500,2000,2000,1500,1500,999,999,2000,2000,880,880
68.233,594598321,19,1,1500,1500,1769,1500,2000,2000,1500,1500,999,999,2000,2000,880,880
68.273,594638260,19,1,1500,1500,1769,1500,2000,2000,1500,1500,999,999,2000,2000,880,880
68.313,594678043,19,1,1500,1500,1769,1500,2000,2000,1500,1500,999,999,2000,2000,880,880
68.353,594718038,19,1,1500,1500,1769,1500,2000,2000,1500,1500,999,999,2000,2000,880,880
68.393,594758147,19,1,1500,1500,1769,1500,2000,2000,1500,1500,999,999,2000,2000,880,880
68.433,594798068,19,1,1500,1500,1769,1500,2000,2000,1500,1500,999,999,2000,2000,880,880
68.473,594838426,19,1,1500,1500,1769,1500,2000,2000,1500,1500,999,999,2000,2000,880,880
68.513,594878077,19,1,1500,1500,1769,1500,2000,2000,1500,1500,999,999,2000,2000,880,880
68.553,594918012,19,1,1500,1500,1769,1500,2000,2000,1500,1500,999,999,2000,2000,880,880
68.593,594958187,19,1,1500,1500,1769,1500,2000,2000,1500,1500,999,999,2000,2000,880,880
68.633,594998036,19,1,1500,1500,1769,1500,2000,2000,1500,1500,999,999,2000,2000,880,880
68.673,595038684,19,1,1500,1500,1769,1500,2000,2000,1500,1500,999,999,2000,2000,880,880
68.713,595078403,19,1,1500,1500,1768,1500,2000,2000,1500,1500,999,999,2000,2000,880,880
68.753,595118321,19,1,1500,1500,1769,1500,2000,2000,1500,1500,999,999,2000,2000,880,880
68.793,595158116,19,1,1500,1500,1769,1500,2000,2000,1500,1500,999,999,2000,2000,880,880
68.833,595198004,19,1,1500,1500,1769,1500,2000,2000,1500,1500,999,999,2000,2000,880,880
68.873,595238232,19,1,1500,1500,1769,1500,2000,2000,1500,1500,999,999,2000,2000,880,880
68.913,595277966,19,1,1500,1500,1769,1500,2000,2000,1500,1500,999,999,2000,2000,880,880
68.953,595317964,19,1,1500,1500,1769,1500,2000,2000,1500,1500,999,999,2000,2000,880,880
68.993,595358079,19,1,1500,1500,1769,1500,2000,2000,1500,1500,999,999,2000,2000,880,880
69.033,595397987,19,1,1500,1500,1769,1500,2000,2000,1500,1500,999,999,2000,2000,880,880
69.073,595437950,19,1,1500,1500,1769,1500,2000,2000,2000,1500,999,999,2000,2000,880,880
69.113,595477833,19,1,1500,1500,1769,1500,2000,2000,2000,1500,999,999,2000,2000,880,880
69.153,595517924,19,1,1500,1500,1769,1500,2000,2000,2000,1500,999,999,2000,2000,880,880
69.193,595558126,19,1,1500,1500,1769,1500,2000,2000,2000,1500,999,999,2000,2000,880,880
69.233,595598217,19,1,1500,1500,1769,1500,2000,2000,2000,1500,999,999,2000,2000,880,880
69.273,595638141,19,1,1500,1500,1769,1500,2000,2000,2000,1500,999,999,2000,2000,880,880
69.313,595678181,19,1,1500,1500,1769,1500,2000,2000,2000,1500,999,999,2000,2000,880,880
69.353,595718048,5,1,1500,1500,1769,1500,2000,2000,2000,1500,999,999,2000,2000,880,880
69.393,595757983,5,1,1500,1500,1769,1500,2000,2000,2000,1500,999,999,2000,2000,880,880
69.433,595797834,5,1,1500,1500,1769,1500,2000,2000,2000,1500,999,999,2000,2000,880,880
69.473,595838038,5,1,1500,1500,1769,1500,2000,2000,2000,1500,999,999,2000,2000,880,880
69.513,595877903,5,1,1500,1500,1769,1500,2000,2000,2000,1500,999,999,2000,2000,880,880
69.553,595917835,5,1,1500,1500,1769,1500,2000,2000,2000,1500,999,999,2000,2000,880,880
69.593,595958290,5,1,1500,1500,1769,1500,2000,2000,2000,1500,999,999,2000,2000,880,880
69.634,595998961,5,1,1500,1500,1769,1500,2000,2000,2000,1500,999,999,2000,2000,880,880
69.673,596038700,5,1,1500,1500,1769,1500,2000,2000,2000,1500,999,999,2000,2000,880,880
69.713,596077830,5,1,1500,1500,1769,1500,2000,2000,2000,1500,999,999,2000,2000,880,880
69.753,596117834,5,1,1500,1500,1769,1500,2000,2000,2000,1500,999,999,2000,2000,880,880
69.793,596157946,5,1,1500,1500,1769,1500,2000,2000,2000,1500,999,999,2000,2000,880,880
69.833,596197803,5,1,1500,1500,1769,1500,2000,2000,2000,1500,999,999,2000,2000,880,880
69.873,596237789,5,1,1500,1500,1769,1500,2000,2000,2000,1500,999,999,2000,2000,880,880
69.913,596277989,5,1,1500,1500,1769,1500,2000,2000,2000,1500,999,999,2000,2000,880,880
69.954,596318891,5,1,1500,1500,1769,1500,2000,2000,2000,1500,999,999,2000,2000,880,880
69.993,596358164,5,1,1500,1500,1769,1500,2000,2000,2000,1500,999,999,2000,2000,880,880
70.033,596398001,5,1,1500,1500,1769,1500,2000,2000,2000,1500,999,999,2000,2000,880,880
70.073,596437975,5,1,1500,1500,1769,1500,2000,2000,2000,1500,999,999,2000,2000,880,880
70.112,596477733,5,1,1500,1500,1769,1500,2000,2000,2000,1500,999,999,2000,2000,880,880
70.152,596517697,5,1,1500,1500,1769,1500,2000,2000,2000,1500,999,999,2000,2000,880,880
70.193,596557930,5,1,1500,1500,1769,1500,2000,2000,2000,1500,999,999,2000,2000,880,880
70.233,596598067,5,1,1500,1500,1769,1500,2000,2000,2000,1500,999,999,2000,2000,880,880
70.273,596638072,5,1,1500,1500,1769,1500,2000,2000,2000,1500,999,999,2000,2000,880,880
70.312,596677725,5,1,1500,1500,1769,1500,2000,2000,2000,1500,999,999,2000,2000,880,880
70.352,596717756,5,1,1500,1500,1769,1500,2000,2000,2000,1500,999,999,2000,2000,880,880
70.393,596757871,5,1,1500,1500,1769,1500,2000,2000,2000,1500,999,999,2000,2000,880,880
70.432,596797762,5,1,1500,1500,1769,1500,2000,2000,2000,1500,999,999,2000,2000,880,880
70.472,596837702,5,1,1500,1500,1769,1500,2000,2000,2000,1500,999,999,2000,2000,880,880
70.513,596877838,5,1,1500,1500,1769,1500,2000,2000,2000,1500,999,999,2000,2000,880,880
70.553,596917993,5,1,1500,1500,1769,1500,2000,2000,2000,1500,999,999,2000,2000,880,880
70.593,596958111,5,1,1500,1500,1769,1500,2000,2000,2000,1500,999,999,2000,2000,880,880
70.633,596997970,5,1,1500,1500,1769,1500,2000,2000,2000,1500,999,999,2000,2000,880,880
70.673,597038242,5,1,1500,1500,1769,1500,2000,2000,2000,1500,999,999,2000,2000,880,880
70.713,597077986,5,1,1500,1500,1769,1500,2000,2000,2000,1500,999,999,2000,2000,880,880
70.752,597117717,5,1,1500,1500,1769,1500,2000,2000,2000,1500,999,999,2000,2000,880,880
70.793,597157855,5,1,1500,1503,1769,1500,2000,2000,2000,1500,999,999,2000,2000,880,880
70.834,597198850,5,1,1500,1522,1769,1500,2000,2000,2000,1500,999,999,2000,2000,880,880
70.873,597237916,5,1,1500,1560,1769,1500,2000,2000,2000,1500,999,999,2000,2000,880,880
70.912,597277651,5,1,1500,1602,1769,1500,2000,2000,2000,1500,999,999,2000,2000,880,880
70.952,597317688,5,1,1500,1637,1769,1500,2000,2000,2000,1500,999,999,2000,2000,880,880
70.993,597357808,5,1,1500,1672,1769,1500,2000,2000,2000,1500,999,999,2000,2000,880,880
71.034,597398794,5,1,1500,1722,1769,1500,2000,2000,2000,1500,999,999,2000,2000,880,880
71.072,597437722,5,1,1500,1755,1769,1500,2000,2000,2000,1500,999,999,2000,2000,880,880
71.112,597477704,5,1,1500,1779,1769,1500,2000,2000,2000,1500,999,999,2000,2000,880,880
71.153,597517929,5,1,1500,1812,1769,1500,2000,2000,2000,1500,999,999,2000,2000,880,880
71.193,597558092,5,1,1500,1827,1769,1500,2000,2000,2000,1500,999,999,2000,2000,880,880
71.233,597598021,5,1,1500,1847,1769,1500,2000,2000,2000,1500,999,999,2000,2000,880,880
71.273,597638109,5,1,1500,1877,1769,1500,2000,2000,2000,1500,999,999,2000,2000,880,880
71.313,597678115,5,1,1500,1898,1769,1500,2000,2000,2000,1500,999,999,2000,2000,880,880
71.353,597717899,5,1,1500,1900,1769,1500,2000,2000,2000,1500,999,999,2000,2000,880,880
71.392,597757780,5,1,1500,1915,1769,1500,2000,2000,2000,1500,999,999,2000,2000,880,880
71.432,597797675,5,1,1500,1930,1769,1500,2000,2000,2000,1500,999,999,2000,2000,880,880
71.473,597837848,5,1,1500,1948,1769,1500,2000,2000,2000,1500,999,999,2000,2000,880,880
71.513,597877921,5,1,1517,1965,1769,1500,2000,2000,2000,1500,999,999,2000,2000,880,880
71.553,597918275,5,1,1525,1973,1769,1500,2000,2000,2000,1500,999,999,2000,2000,880,880
71.593,597958000,5,1,1527,1973,1769,1500,2000,2000,2000,1500,999,999,2000,2000,880,880
71.633,597997911,5,1,1528,1973,1769,1500,2000,2000,2000,1500,999,999,2000,2000,880,880
71.673,598038175,5,1,1530,1973,1769,1500,2000,2000,2000,1500,999,999,2000,2000,880,880
71.712,598077600,5,1,1530,1978,1769,1500,2000,2000,2000,1500,999,999,2000,2000,880,880
71.752,598117601,5,1,1532,1986,1769,1500,2000,2000,2000,1500,999,999,2000,2000,880,880
71.793,598157973,5,1,1535,1995,1769,1500,2000,2000,2000,1500,999,999,2000,2000,880,880
71.833,598197875,5,1,1500,1995,1769,1500,2000,2000,2000,1500,999,999,2000,2000,880,880
71.872,598237624,5,1,1500,1998,1769,1500,2000,2000,2000,1500,999,999,2000,2000,880,880
71.913,598277800,5,1,1499,1996,1769,1500,2000,2000,2000,1500,999,999,2000,2000,880,880
71.952,598317781,5,1,1485,1990,1769,1500,2000,2000,2000,1500,999,999,2000,2000,880,880
71.993,598357981,5,1,1446,1980,1769,1500,2000,2000,2000,1500,999,999,2000,2000,880,880
72.032,598397626,5,1,1445,1978,1769,1500,2000,2000,2000,1500,999,999,2000,2000,880,880
72.072,598437634,5,1,1451,1978,1769,1500,2000,2000,2000,1500,999,999,2000,2000,880,880
72.113,598477795,5,1,1479,1985,1769,1500,2000,2000,2000,1500,999,999,2000,2000,880,880
72.153,598517842,5,1,1500,1993,1769,1500,2000,2000,2000,1500,999,999,2000,2000,880,880
72.193,598557901,5,1,1481,1991,1769,1500,2000,2000,2000,1500,999,999,2000,2000,880,880
72.233,598597812,5,1,1476,1985,1769,1500,2000,2000,2000,1500,999,999,2000,2000,880,880
72.272,598637539,5,1,1496,1993,1769,1500,2000,2000,2000,1500,999,999,2000,2000,880,880
72.312,598677514,5,1,1500,1995,1769,1500,2000,2000,2000,1500,999,999,2000,2000,880,880
72.352,598717467,5,1,1500,1995,1769,1500,2000,2000,2000,1500,999,999,2000,2000,880,880
72.392,598757689,5,1,1496,1995,1769,1500,2000,2000,2000,1500,999,999,2000,2000,880,880
72.433,598797826,5,1,1496,1995,1769,1500,2000,2000,2000,1500,999,999,2000,2000,880,880
72.473,598837956,5,1,1496,1998,1769,1500,2000,2000,2000,1500,999,999,2000,2000,880,880
72.513,598877868,5,1,1500,2000,1769,1500,2000,2000,2000,1500,999,999,2000,2000,880,880
72.553,598918759,5,1,1500,2001,1769,1500,2000,2000,2000,1500,999,999,2000,2000,880,880
72.593,598958126,5,1,1500,2000,1769,1500,2000,2000,2000,1500,999,999,2000,2000,880,880
72.634,598998847,5,1,1498,2000,1769,1500,2000,2000,2000,1500,999,999,2000,2000,880,880
72.673,599038373,5,1,1496,2000,1769,1500,2000,2000,2000,1500,999,999,2000,2000,880,880
72.712,599077525,5,1,1496,2003,1769,1500,2000,2000,2000,1500,999,999,2000,2000,880,880
72.752,599117489,5,1,1500,2003,1769,1500,2000,2000,2000,1500,999,999,2000,2000,880,880
72.793,599157899,5,1,1500,2003,1769,1500,2000,2000,2000,1500,999,999,2000,2000,880,880
72.832,599197536,5,1,1500,2003,1769,1500,2000,2000,2000,1500,999,999,2000,2000,880,880
72.872,599237538,5,1,1500,2005,1769,1500,2000,2000,2000,1500,999,999,2000,2000,880,880
72.912,599277675,5,1,1500,2005,1769,1500,2000,2000,2000,1500,999,999,2000,2000,880,880
72.952,599317404,5,1,1500,2005,1769,1500,2000,2000,2000,1500,999,999,2000,2000,880,880
72.992,599357681,5,1,1500,1995,1769,1500,2000,2000,2000,1500,999,999,2000,2000,880,880
73.033,599398607,5,1,1500,1995,1769,1500,2000,2000,2000,1500,999,999,2000,2000,880,880
73.072,599437725,5,1,1500,1985,1769,1500,2000,2000,2000,1500,999,999,2000,2000,880,880
73.113,599477858,5,1,1500,1985,1769,1500,2000,2000,2000,1500,999,999,2000,2000,880,880
73.153,599518039,5,1,1500,1988,1769,1500,2000,2000,2000,1500,999,999,2000,2000,880,880
73.193,599557873,5,1,1500,1995,1769,1500,2000,2000,2000,1500,999,999,2000,2000,880,880
73.232,599597456,5,1,1500,1995,1769,1500,2000,2000,2000,1500,999,999,2000,2000,880,880
73.272,599637392,5,1,1500,1993,1769,1500,2000,2000,2000,1500,999,999,2000,2000,880,880
73.312,599677439,5,1,1500,2000,1769,1500,2000,2000,2000,1500,999,999,2000,2000,880,880
73.352,599717418,5,1,1500,2001,1769,1500,2000,2000,2000,1500,999,999,2000,2000,880,880
73.392,599757484,5,1,1500,2000,1769,1500,2000,2000,2000,1500,999,999,2000,2000,880,880
73.432,599797433,5,1,1500,1988,1769,1500,2000,2000,2000,1500,999,999,2000,2000,880,880
73.472,599837425,5,1,1500,1986,1769,1500,2000,2000,2000,1500,999,999,2000,2000,880,880
73.512,599877451,5,1,1500,2001,1769,1500,2000,2000,2000,1500,999,999,2000,2000,880,880
73.553,599918559,5,1,1500,2003,1769,1500,2000,2000,2000,1500,999,999,2000,2000,880,880
73.593,599958308,5,1,1500,2003,1769,1500,2000,2000,2000,1500,999,999,2000,2000,880,880
73.632,599997584,5,1,1500,2003,1769,1500,2000,2000,2000,1500,999,999,2000,2000,880,880
73.673,600038116,5,1,1500,2003,1769,1500,2000,2000,2000,1500,999,999,2000,2000,880,880
73.712,600077303,5,1,1500,2003,1769,1500,2000,2000,2000,1500,999,999,2000,2000,880,880
73.752,600117283,5,1,1508,2003,1769,1500,2000,2000,2000,1500,999,999,2000,2000,880,880
73.793,600158208,5,1,1509,2005,1769,1500,2000,2000,2000,1500,999,999,2000,2000,880,880
73.832,600197677,5,1,1509,2005,1769,1500,2000,2000,2000,1500,999,999,2000,2000,880,880
73.872,600237347,5,1,1509,2005,1769,1500,2000,2000,2000,1500,999,999,2000,2000,880,880
73.912,600277349,5,1,1509,2003,1769,1500,2000,2000,2000,1500,999,999,2000,2000,880,880
73.952,600317394,5,1,1509,2003,1769,1500,2000,2000,2000,1500,999,999,2000,2000,880,880
73.992,600357643,5,1,1509,2003,1769,1500,2000,2000,2000,1500,999,999,2000,2000,880,880
74.032,600397359,5,1,1509,1995,1769,1500,2000,2000,2000,1500,999,999,2000,2000,880,880
74.072,600437352,5,1,1509,1985,1769,1500,2000,2000,2000,1500,999,999,2000,2000,880,880
74.112,600477368,5,1,1509,1985,1769,1500,2000,2000,2000,1500,999,999,2000,2000,880,880
74.152,600517338,5,1,1509,1978,1769,1500,2000,2000,2000,1500,999,999,2000,2000,880,880
74.192,600557458,5,1,1509,1957,1769,1500,2000,2000,2000,1500,999,999,2000,2000,880,880
74.232,600597342,5,1,1508,1950,1769,1500,2000,2000,2000,1500,999,999,2000,2000,880,880
74.272,600637338,5,1,1508,1943,1769,1500,2000,2000,2000,1500,999,999,2000,2000,880,880
74.313,600677841,5,1,1508,1935,1769,1500,2000,2000,2000,1500,999,999,2000,2000,880,880
74.352,600717673,5,1,1508,1896,1769,1500,2000,2000,2000,1500,999,999,2000,2000,880,880
74.392,600757647,5,1,1507,1873,1769,1500,2000,2000,2000,1500,999,999,2000,2000,880,880
74.432,600797506,5,1,1506,1846,1769,1500,2000,2000,2000,1500,999,999,2000,2000,880,880
74.472,600837486,5,1,1504,1817,1769,1500,2000,2000,2000,1500,999,999,2000,2000,880,880
74.512,600877411,5,1,1502,1762,1769,1500,2000,2000,2000,1500,999,999,2000,2000,880,880
74.552,600917285,5,1,1502,1723,1769,1500,2000,2000,2000,1500,999,999,2000,2000,880,880
74.592,600957486,5,1,1502,1715,1769,1500,2000,2000,2000,1500,999,999,2000,2000,880,880
74.632,600997316,5,1,1501,1698,1769,1500,2000,2000,2000,1500,999,999,2000,2000,880,880
74.673,601038027,5,1,1501,1690,1769,1500,2000,2000,2000,1500,999,999,2000,2000,880,880
74.712,601077490,5,1,1501,1679,1769,1500,2000,2000,2000,1500,999,999,2000,2000,880,880
74.753,601118481,5,1,1500,1657,1769,1500,2000,2000,2000,1500,999,999,2000,2000,880,880
74.792,601157389,5,1,1500,1655,1769,1500,2000,2000,2000,1500,999,999,2000,2000,880,880
74.832,601197196,5,1,1500,1640,1769,1500,2000,2000,2000,1500,999,999,2000,2000,880,880
74.872,601237217,5,1,1500,1617,1769,1500,2000,2000,2000,1500,999,999,2000,2000,880,880
74.912,601277618,5,1,1500,1602,1769,1500,2000,2000,2000,1500,999,999,2000,2000,880,880
74.952,601317756,5,1,1500,1577,1769,1500,2000,2000,2000,1500,999,999,2000,2000,880,880
74.992,601357616,5,1,1500,1547,1769,1500,2000,2000,2000,1500,999,999,2000,2000,880,880
75.032,601397532,5,1,1500,1512,1769,1500,2000,2000,2000,1500,999,999,2000,2000,880,880
75.072,601437430,5,1,1500,1500,1769,1500,2000,2000,2000,1500,999,999,2000,2000,880,880
75.112,601477239,5,1,1500,1500,1769,1500,2000,2000,2000,1500,999,999,2000,2000,880,880
75.152,601517527,5,1,1500,1500,1769,1500,2000,2000,2000,1500,999,999,2000,2000,880,880
75.192,601557345,5,1,1500,1500,1769,1500,2000,2000,2000,1500,999,999,2000,2000,880,880
75.232,601597269,5,1,1500,1500,1769,1500,2000,2000,2000,1500,999,999,2000,2000,880,880
75.272,601637272,5,1,1500,1500,1769,1500,2000,2000,2000,1500,999,999,2000,2000,880,880
75.312,601677249,5,1,1500,1500,1769,1500,2000,2000,2000,1500,999,999,2000,2000,880,880
75.352,601717474,5,1,1500,1500,1769,1500,2000,2000,2000,1500,999,999,2000,2000,880,880
75.392,601757289,5,1,1500,1500,1769,1500,2000,2000,2000,1500,999,999,2000,2000,880,880
75.432,601797248,5,1,1500,1500,1769,1500,2000,2000,2000,1500,999,999,2000,2000,880,880
75.472,601837183,5,1,1500,1500,1769,1500,2000,2000,2000,1500,999,999,2000,2000,880,880
75.512,601877542,5,1,1500,1500,1769,1500,2000,2000,2000,1500,999,999,2000,2000,880,880
75.552,601917480,5,1,1500,1500,1769,1500,2000,2000,2000,1500,999,999,2000,2000,880,880
75.593,601958116,5,1,1500,1500,1769,1500,2000,2000,2000,1500,999,999,2000,2000,880,880
75.632,601997384,5,1,1500,1500,1769,1500,2000,2000,2000,1500,999,999,2000,2000,880,880
75.672,602037201,5,1,1500,1500,1769,1500,2000,2000,2000,1500,999,999,2000,2000,880,880
75.712,602077201,5,1,1500,1500,1769,1500,2000,2000,2000,1500,999,999,2000,2000,880,880
75.752,602117177,5,1,1500,1500,1769,1500,2000,2000,2000,1500,999,999,2000,2000,880,880
75.792,602157292,5,1,1500,1500,1769,1500,2000,2000,2000,1500,999,999,2000,2000,880,880
75.832,602197085,5,1,1500,1500,1771,1500,2000,2000,2000,1500,999,999,2000,2000,880,880
75.872,602237085,5,1,1500,1500,1779,1500,2000,2000,2000,1500,999,999,2000,2000,880,880
75.912,602277388,5,1,1500,1500,1787,1500,2000,2000,2000,1500,999,999,2000,2000,880,880
75.952,602317046,5,1,1500,1500,1794,1500,2000,2000,2000,1500,999,999,2000,2000,880,880
75.992,602357464,5,1,1500,1500,1824,1500,2000,2000,2000,1500,999,999,2000,2000,880,880
76.033,602398423,5,1,1500,1500,1823,1500,2000,2000,2000,1500,999,999,2000,2000,880,880
76.072,602437384,5,1,1500,1500,1822,1500,2000,2000,2000,1500,999,999,2000,2000,880,880
76.112,602477149,5,1,1500,1500,1822,1500,2000,2000,2000,1500,999,999,2000,2000,880,880
76.152,602517490,5,1,1500,1500,1822,1500,2000,2000,2000,1500,999,999,2000,2000,880,880
76.192,602557291,5,1,1500,1500,1822,1500,2000,2000,2000,1500,999,999,2000,2000,880,880
76.233,602598352,5,1,1500,1500,1822,1500,2000,2000,2000,1500,999,999,2000,2000,880,880
76.272,602637147,5,1,1500,1500,1822,1500,2000,2000,2000,1500,999,999,2000,2000,880,880
76.312,602677163,5,1,1500,1500,1822,1500,2000,2000,2000,1500,999,999,2000,2000,880,880
76.352,602717124,5,1,1500,1500,1822,1500,2000,2000,2000,1500,999,999,2000,2000,880,880
76.392,602757180,5,1,1500,1500,1822,1500,2000,2000,2000,1500,999,999,2000,2000,880,880
76.433,602798315,5,1,1500,1500,1822,1500,2000,2000,2000,1500,999,999,2000,2000,880,880
76.472,602837123,5,1,1500,1500,1822,1500,2000,2000,2000,1500,999,999,2000,2000,880,880
76.512,602877200,5,1,1500,1500,1822,1500,2000,2000,2000,1500,999,999,2000,2000,880,880
76.552,602917063,5,1,1500,1500,1822,1500,2000,2000,2000,1500,999,999,2000,2000,880,880
76.592,602957487,5,1,1500,1500,1838,1500,2000,2000,2000,1500,999,999,2000,2000,880,880
76.632,602997331,5,1,1500,1500,1839,1500,2000,2000,2000,1500,999,999,2000,2000,880,880
76.672,603036942,5,1,1500,1500,1840,1500,2000,2000,2000,1500,999,999,2000,2000,880,880
76.712,603076987,5,1,1500,1500,1841,1500,2000,2000,2000,1500,999,999,2000,2000,880,880
76.752,603117352,5,1,1500,1500,1842,1500,2000,2000,2000,1500,999,999,2000,2000,880,880
76.792,603157142,5,1,1500,1500,1842,1500,2000,2000,2000,1500,999,999,2000,2000,880,880
76.832,603197026,5,1,1500,1500,1841,1500,2000,2000,2000,1500,999,999,2000,2000,880,880
76.872,603237066,5,1,1500,1500,1841,1500,2000,2000,1500,1500,999,999,2000,2000,880,880
76.912,603277072,5,1,1500,1500,1842,1500,2000,2000,1500,1500,999,999,2000,2000,880,880
76.952,603317428,5,1,1500,1500,1842,1500,2000,2000,1500,1500,999,999,2000,2000,880,880
76.992,603357134,5,1,1500,1500,1842,1500,2000,2000,1500,1500,999,999,2000,2000,880,880
77.032,603397055,5,1,1500,1500,1841,1500,2000,2000,1500,1500,999,999,2000,2000,880,880
77.072,603437063,5,1,1500,1500,1841,1500,2000,2000,1500,1500,999,999,2000,2000,880,880
77.112,603477054,5,1,1500,1500,1841,1500,2000,2000,1500,1500,999,999,2000,2000,880,880
77.152,603517046,5,1,1500,1500,1841,1500,2000,2000,1500,1500,999,999,2000,2000,880,880
77.192,603557275,19,1,1500,1500,1841,1500,2000,2000,1500,1500,999,999,2000,2000,880,880
77.233,603598456,19,1,1500,1500,1842,1500,2000,2000,1500,1500,999,999,2000,2000,880,880
77.272,603637246,19,1,1500,1500,1841,1500,2000,2000,1500,1500,999,999,2000,2000,880,880
77.312,603677237,19,1,1500,1500,1841,1500,2000,2000,1500,1500,999,999,2000,2000,880,880
77.352,603717296,19,1,1500,1500,1841,1500,2000,2000,1500,1500,999,999,2000,2000,880,880
77.392,603757302,19,1,1500,1500,1847,1500,2000,2000,1500,1500,999,999,2000,2000,880,880
77.432,603797232,19,1,1500,1500,1890,1500,2000,2000,1500,1500,999,999,2000,2000,880,880
77.472,603837218,19,1,1500,1500,1890,1500,2000,2000,1500,1500,999,999,2000,2000,880,880
77.512,603877483,19,1,1500,1500,1890,1500,2000,2000,1500,1500,999,999,2000,2000,880,880
77.552,603917262,19,1,1500,1500,1890,1500,2000,2000,1500,1500,999,999,2000,2000,880,880
77.592,603957353,19,1,1500,1500,1890,1500,2000,2000,1500,1500,999,999,2000,2000,880,880
77.632,603997206,19,1,1500,1500,1890,1500,2000,2000,1500,1500,999,999,2000,2000,880,880
77.672,604037235,19,1,1500,1500,1890,1500,2000,2000,1500,1500,999,999,2000,2000,880,880
77.712,604077208,19,1,1500,1500,1907,1500,2000,2000,1500,1500,999,999,2000,2000,880,880
77.753,604118383,19,1,1500,1500,1930,1500,2000,2000,1500,1500,999,999,2000,2000,880,880
77.792,604157045,19,1,1500,1500,1937,1500,2000,2000,1500,1500,999,999,2000,2000,880,880
77.832,604196909,19,1,1500,1500,1940,1500,2000,2000,1500,1500,999,999,2000,2000,880,880
77.872,604236997,19,1,1500,1500,1940,1500,2000,2000,1500,1500,999,999,2000,2000,880,880
77.912,604276970,19,1,1500,1500,1940,1500,2000,2000,1500,1500,999,999,2000,2000,880,880
77.952,604316940,19,1,1500,1500,1940,1500,2000,2000,1500,1500,999,999,2000,2000,880,880
77.992,604357060,19,1,1500,1500,1950,1500,2000,2000,1500,1500,999,999,2000,2000,880,880
78.032,604396983,19,1,1500,1500,2010,1500,2000,2000,1500,1500,999,999,2000,2000,880,880
78.072,604436953,19,1,1500,1500,2010,1500,2000,2000,1500,1500,999,999,2000,2000,880,880
78.112,604477142,19,1,1500,1500,2010,1500,2000,2000,1500,1500,999,999,2000,2000,880,880
78.152,604517245,19,1,1500,1500,2010,1500,2000,2000,1500,1500,999,999,2000,2000,880,880
78.192,604557317,19,1,1500,1500,2010,1500,2000,2000,1500,1500,999,999,2000,2000,880,880
78.232,604596938,19,1,1500,1500,2010,1500,2000,2000,1500,1500,999,999,2000,2000,880,880
78.272,604637124,19,1,1500,1500,2010,1500,2000,2000,1500,1500,999,999,2000,2000,880,880
78.312,604677119,19,1,1500,1500,2010,1505,2000,2000,1500,1500,999,999,2000,2000,880,880
78.352,604717181,19,1,1500,1500,2010,1504,2000,2000,1500,1500,999,999,2000,2000,880,880
78.392,604757011,19,1,1500,1500,2010,1500,2000,2000,1500,1500,999,999,2000,2000,880,880
78.432,604796842,19,1,1500,1500,2010,1504,2000,2000,1500,1500,999,999,2000,2000,880,880
78.472,604837096,19,1,1500,1500,2010,1500,2000,2000,1500,1500,999,999,2000,2000,880,880
78.512,604876995,19,1,1500,1500,2010,1500,2000,2000,1500,1500,999,999,2000,2000,880,880
78.551,604916774,19,1,1500,1500,2010,1500,2000,2000,1500,1500,999,999,2000,2000,880,880
78.592,604957254,19,1,1500,1500,2010,1500,2000,2000,1500,1500,999,999,2000,2000,880,880
78.632,604997066,19,1,1500,1500,2010,1500,2000,2000,1500,1500,999,999,2000,2000,880,880
78.672,605036797,19,1,1500,1500,2010,1500,2000,2000,1500,1500,999,999,2000,2000,880,880
78.712,605076852,19,1,1500,1500,2010,1500,2000,2000,1500,1500,999,999,2000,2000,880,880
78.752,605117206,19,1,1500,1500,2010,1500,2000,2000,1500,1500,999,999,2000,2000,880,880
78.792,605156934,19,1,1500,1500,2010,1500,2000,2000,1500,1500,999,999,2000,2000,880,880
78.832,605197145,19,1,1500,1500,2010,1500,2000,2000,1500,1500,999,999,2000,2000,880,880
78.872,605237095,19,1,1500,1500,2010,1500,2000,2000,1500,1500,999,999,2000,2000,880,880
78.912,605277079,19,1,1500,1500,2010,1500,2000,2000,1500,1500,999,999,2000,2000,880,880
78.952,605316876,19,1,1500,1500,2010,1500,2000,2000,1500,1500,999,999,2000,2000,880,880
78.992,605356948,19,1,1500,1500,2010,1500,2000,2000,1500,1500,999,999,2000,2000,880,880
79.032,605397096,19,1,1500,1500,2010,1500,2000,2000,1500,1500,999,999,2000,2000,880,880
79.072,605436853,19,1,1500,1500,2010,1500,2000,2000,1500,1500,999,999,2000,2000,880,880
79.112,605476841,19,1,1500,1500,2010,1508,2000,2000,1500,1500,999,999,2000,2000,880,880
79.152,605517124,19,1,1500,1500,2010,1507,2000,2000,1500,1500,999,999,2000,2000,880,880
79.192,605556951,19,1,1500,1500,2010,1500,2000,2000,1500,1500,999,999,2000,2000,880,880
79.232,605596812,19,1,1500,1500,2010,1500,2000,2000,1500,1500,999,999,2000,2000,880,880
79.272,605637046,19,1,1500,1500,2010,1500,2000,2000,1500,1500,999,999,2000,2000,880,880
79.311,605676697,19,1,1500,1500,2010,1500,2000,2000,1500,1500,999,999,2000,2000,880,880
79.351,605716774,19,1,1500,1500,2010,1500,2000,2000,1500,1500,999,999,2000,2000,880,880
79.392,605757121,19,1,1500,1500,2010,1507,2000,2000,1500,1500,999,999,2000,2000,880,880
79.432,605797102,19,1,1500,1500,2010,1513,2000,2000,1500,1500,999,999,2000,2000,880,880
79.472,605837008,19,1,1500,1500,2010,1512,2000,2000,1500,1500,999,999,2000,2000,880,880
79.512,605877358,19,1,1500,1500,2010,1505,2000,2000,1500,1500,999,999,2000,2000,880,880
79.552,605917102,19,1,1500,1500,2010,1505,2000,2000,1500,1500,999,999,2000,2000,880,880
79.592,605957189,19,1,1500,1500,2010,1500,2000,2000,1500,1500,999,999,2000,2000,880,880
79.632,605997202,19,1,1500,1500,2010,1500,2000,2000,1500,1500,999,999,2000,2000,880,880
79.672,606036969,19,1,1500,1500,2010,1500,2000,2000,1500,1500,999,999,2000,2000,880,880
79.711,606076745,19,1,1500,1500,2010,1500,2000,2000,1500,1500,999,999,2000,2000,880,880
79.752,606116857,19,1,1500,1500,2010,1500,2000,2000,1500,1500,999,999,2000,2000,880,880
